date,gz_spread,ebp,est_prob
1973-01-01,1.1018267879026922,0.01207823834612131,0.2288595808163296
1973-02-01,1.0454231431408945,-0.00494147542785827,0.2228455415296949
1973-03-01,0.9956893667936306,-0.09675708098240944,0.1919950396303938
1973-04-01,0.955332719808464,-0.15452894465906797,0.17399588991576445
1973-05-01,1.007392811089747,-0.0551257829302294,0.20564628312918432
1973-06-01,1.1422628080798305,0.05239092427509018,0.2434614604698904
1973-07-01,0.9332407654266386,-0.3141810359656494,0.130040788894967
1973-08-01,0.9432599258337327,-0.19063978680068328,0.16330918065100972
1973-09-01,0.770816861878995,-0.342240264090375,0.1231897369671776
1973-10-01,1.2266048014370987,0.13579072978652795,0.2752015547014357
1973-11-01,1.3092866490080168,0.08516286883211022,0.2556931797798286
1973-12-01,1.237356098871855,0.01771635123216342,0.23087175531124748
1974-01-01,1.1116754127027626,-0.03298541098811047,0.2131351398596585
1974-02-01,1.2493236783221082,0.17423391784673292,0.2904886864277249
1974-03-01,1.16420549138832,-0.07441533038338277,0.19925081407714867
1974-04-01,1.1758896088595745,0.07612671490977463,0.2522888139567325
1974-05-01,1.2171906475174696,0.08437864857152721,0.2553967776308026
1974-06-01,1.751911997703672,0.6728528133310192,0.5136730857417264
1974-07-01,2.439163257937959,1.2217486646003886,0.7516304663770222
1974-08-01,1.9232674011540911,0.8059884854470911,0.5756630578979356
1974-09-01,2.194856235330312,0.9052116370718052,0.6207570464214766
1974-10-01,2.3949455635439416,1.0527930082391543,0.684736235140891
1974-11-01,2.2072418424169995,1.00946663688814,0.6664184256963965
1974-12-01,2.5232673424169114,1.1651179024031335,0.7300775139538065
1975-01-01,1.6641929937454714,0.3975957343644856,0.38615829907773536
1975-02-01,1.5799738986631373,0.4091503551008697,0.3913658248448893
1975-03-01,1.8314215202624853,0.5939155760239383,0.4766639228719858
1975-04-01,1.4900720316844875,0.2298693341996212,0.31329011837810533
1975-05-01,1.54039950108931,0.3442444623672489,0.36239200648968073
1975-06-01,1.4051214139131984,0.2417596779154616,0.3182614023001202
1975-07-01,1.429246002425822,0.3619528693098313,0.370227013222558
1975-08-01,1.2422426193442049,0.11040235584343884,0.2653276905861106
1975-09-01,1.3664161352753066,0.2888251600492733,0.3382550604777703
1975-10-01,1.2958257093283778,0.09127387650779606,0.2580090213595884
1975-11-01,1.2765636594092629,0.16864672459469343,0.2882424106445788
1975-12-01,1.1991074011189873,-0.04688592389509938,0.20841494509255903
1976-01-01,0.9674096710015524,-0.15647647186981284,0.17340843352541285
1976-02-01,1.0469007895261249,-0.05805142793525486,0.2046685178553529
1976-03-01,0.995522519169208,-0.10470546498597331,0.1894531963403957
1976-04-01,1.0375807310964726,-0.0472925807823974,0.20827779134445695
1976-05-01,1.0054848665207656,-0.10745795950637804,0.18857781561009931
1976-06-01,0.9980277055884572,-0.04138261662438813,0.2102762857737262
1976-07-01,0.9617176785764168,-0.08258828899493598,0.19657759039390027
1976-08-01,0.8894486403649352,-0.16376217960227002,0.17122196958979502
1976-09-01,0.8391818379073404,-0.1984990423261881,0.161041031422413
1976-10-01,0.9034786701147206,-0.13820870484540482,0.17896839247575608
1976-11-01,0.8291283900156179,-0.3712655583947923,0.11637322617227144
1976-12-01,1.0840167920685375,-0.04040437691229437,0.21060816701706345
1977-01-01,0.9670989016344396,-0.31385659059066906,0.1301215193072979
1977-02-01,0.9206514937709136,-0.1951877631875215,0.16199413506715357
1977-03-01,0.9071250487410132,-0.1647451201443143,0.17092834138282909
1977-04-01,0.8503124293583652,-0.2476978661356789,0.14731180648863257
1977-05-01,0.7991848859930059,-0.2547976642140898,0.14539733345689668
1977-06-01,0.8399434125378094,-0.2671153606385437,0.14211571087399097
1977-07-01,0.8732945856008134,-0.18116593023189376,0.1660707488756562
1977-08-01,0.9241339814992352,-0.18959113678066608,0.16361337860261718
1977-09-01,0.9433366491592144,-0.1402845303244441,0.17833100564943916
1977-10-01,0.9325222655950992,-0.15110008797817964,0.17503324872326206
1977-11-01,0.9350281806071988,-0.13415380115405906,0.18021758888838607
1977-12-01,0.7882763677006501,-0.3337963759089757,0.1252242816123391
1978-01-01,0.7595131267128739,-0.3367435747803096,0.12451150873727694
1978-02-01,0.7191687235261857,-0.3369634817836762,0.12445843871232336
1978-03-01,0.7255268727972172,-0.33434310398341516,0.12509184197423004
1978-04-01,0.7369143187339418,-0.28301258100646454,0.13795507749694333
1978-05-01,0.7784348604544219,-0.2418273160392822,0.14890751530148308
1978-06-01,0.6299066215423959,-0.4457576311192253,0.10011510529857866
1978-07-01,0.625992028822881,-0.361110726261647,0.11872696159910574
1978-08-01,0.605474549089636,-0.3872181881083192,0.11274283240707768
1978-09-01,0.6436323087965212,-0.31528452251661054,0.12976647235975677
1978-10-01,0.5629925004200963,-0.5002420150775896,0.0893199631357483
1978-11-01,0.6671743787992496,-0.2494944213119328,0.1468257729855655
1978-12-01,0.6444213873107446,-0.3867448734470479,0.11284936870745604
1979-01-01,0.6952421904911651,-0.25991443031901273,0.14402801082034491
1979-02-01,0.6638576645251245,-0.31574074544587694,0.12965317673222992
1979-03-01,0.6506520205270435,-0.18333125156699911,0.1654369267647742
1979-04-01,0.6444352858071002,-0.2315473380229366,0.151729500303048
1979-05-01,0.7059792549205227,-0.25874890940479245,0.14433915405654937
1979-06-01,0.7385814429449202,-0.17937805924350314,0.16659526654246234
1979-07-01,0.6516171960944988,-0.2548630666700281,0.14537977572101166
1979-08-01,0.5807234943071707,-0.33645012276498387,0.1245823519755983
1979-09-01,0.695094022218657,-0.14671434021340046,0.17636580965694693
1979-10-01,0.7203506344375217,-0.6922617599935565,0.05812425318786961
1979-11-01,0.7833845118507153,-0.13089989408718472,0.1812239695732483
1979-12-01,0.833264942683668,0.10683786286942044,0.26395594800404654
1980-01-01,0.8148931845707515,-0.07747711101579291,0.19824680759671137
1980-02-01,0.8878283707210395,-0.3884917373973453,0.1124565314758507
1980-03-01,0.9787998588473272,0.2671847563813844,0.3290010626978386
1980-04-01,1.1297154960540028,-0.4546065826667056,0.09829985613464738
1980-05-01,0.9765676339614164,-0.05563517117626326,0.2054758439501497
1980-06-01,0.9402412642497736,-0.22818033624418965,0.15266146208506487
1980-07-01,0.95260036992639,-0.01442391626301786,0.2195342960112477
1980-08-01,0.868099768905988,-0.0963665504556498,0.1921204644331974
1980-09-01,0.9255094387902276,-0.08135664389081976,0.19697904244631995
1980-10-01,0.8564388793430278,-0.1912478441749359,0.163132960558971
1980-11-01,0.9730700829674368,0.2778594240837907,0.33355317449717914
1980-12-01,1.0962966659113336,0.0568340339583886,0.24510105954932232
1981-01-01,1.0686266727821387,0.3469960440600398,0.3636057519299364
1981-02-01,0.8807881005366947,0.09817130285449248,0.26063589519807007
1981-03-01,0.8677832736254366,-0.03688693501026863,0.21180404414488763
1981-04-01,1.1262870897430322,0.5028896907163563,0.4342557478204837
1981-05-01,1.1957336384241632,0.3519751064313348,0.36580553363091006
1981-06-01,1.0914183276788705,0.4097218198710475,0.3916238915453155
1981-07-01,1.1041750000275223,0.4081949340649405,0.39093447489589894
1981-08-01,0.9960043522124428,0.24363131664786408,0.3190469445466007
1981-09-01,1.1570106871275747,0.3903559954579092,0.3829057921529878
1981-10-01,1.298618093849624,0.5383577083959997,0.45071744420271254
1981-11-01,1.464404068900136,0.2406861758164518,0.317811212847649
1981-12-01,1.4417518180899658,0.5562608596283042,0.4590609380362677
1982-01-01,1.4411112339725995,0.7251205221164979,0.5381334474127357
1982-02-01,1.4378488634166806,0.5152123301323019,0.4399636072437576
1982-03-01,1.6132827607017657,0.927059059167542,0.6304918047681569
1982-04-01,1.6344124128749806,0.83481769942974,0.5888959614980235
1982-05-01,1.5074842353664706,0.7523236704312842,0.5508130451810316
1982-06-01,1.5408093735755406,0.7297105752562628,0.5402759848286982
1982-07-01,1.6244983258128134,0.6830784070590169,0.5184654352719416
1982-08-01,1.7337458602421587,0.05254686371115325,0.2435189048296134
1982-09-01,1.639230341696483,0.4920763261494212,0.429258211018033
1982-10-01,1.7765288549229767,0.2420749884022648,0.31839368361109355
1982-11-01,1.5690920427471176,0.5003302388725717,0.4330718834854499
1982-12-01,1.579299294566895,0.6388278959273992,0.4977165379776371
1983-01-01,1.2541846027820125,0.2578002632728432,0.32501994658626243
1983-02-01,1.3210935751633492,0.20732966451264745,0.3039594969780702
1983-03-01,0.9960532567140532,0.11545396990214508,0.26727790835130405
1983-04-01,0.9407779016376762,0.03208404146872645,0.23604380544650175
1983-05-01,0.855305694832128,-0.17113289284799893,0.16902801471451265
1983-06-01,0.8451014161099889,-0.01107297460496348,0.22070119580997244
1983-07-01,0.8652056202790975,-0.151341915495825,0.17495995840044015
1983-08-01,0.7989817990362492,-0.21986680064775077,0.1549788201505236
1983-09-01,0.8885816898154661,-0.11991231779458844,0.18464818872741684
1983-10-01,0.8323263785962188,-0.13309764381361888,0.1805438560591927
1983-11-01,0.9069582609968896,-0.01137484993929793,0.2205959282535809
1983-12-01,0.9237014294672544,0.04200708242270523,0.23965282573558996
1984-01-01,0.8810485955522863,-0.03885115444628784,0.21113575000596643
1984-02-01,0.8667995916470675,-0.1143972221336652,0.18638200256684695
1984-03-01,0.925959525178111,-0.02099790675456514,0.217255358487853
1984-04-01,0.938009522853614,0.04652797774425277,0.24130701229176052
1984-05-01,0.7433877392450771,-0.3563907139358734,0.11983236213110578
1984-06-01,0.7492003621280826,-0.10317343094798326,0.18994151335631107
1984-07-01,0.9091829270426732,-0.17522526795729845,0.16781771532538173
1984-08-01,0.898435008277929,0.12320876966639448,0.2702857224857449
1984-09-01,0.8967575674894046,-0.0773288051344252,0.19829536896307623
1984-10-01,0.921637081971872,-0.26988470359542116,0.1413848722770677
1984-11-01,0.932791054328868,-0.15847044887640316,0.1728082756142602
1984-12-01,0.93970124206288,-0.04221571021726411,0.20999388963419735
1985-01-01,1.0562665158402234,-0.1624759582082167,0.1716066819896071
1985-02-01,0.9445995931011624,-0.19247898957686385,0.1627765429297862
1985-03-01,0.9881487575520692,0.04218375731097568,0.23971735430680685
1985-04-01,1.065537714471393,-0.103165691841703,0.18994398206383156
1985-05-01,1.217941912223733,-0.30487645981407874,0.13236978223330464
1985-06-01,1.1986116051993851,0.02631340940295667,0.23395887062956183
1985-07-01,1.1654048022740684,-0.01539714198276787,0.21919605448356272
1985-08-01,1.1715512572253792,0.00126973563091747,0.2250298172191124
1985-09-01,1.1740944743272022,0.09466615481159192,0.25929924688679185
1985-10-01,1.2623441752733489,0.150072092586788,0.28083416432936736
1985-11-01,1.3509819957380145,0.19098880934967857,0.2972734739514593
1985-12-01,1.4303693334137404,-0.04057566271498292,0.21055003377175965
1986-01-01,1.397155817898711,0.20842931100132955,0.3044118269573849
1986-02-01,1.6275085725919447,-0.17801427996613128,0.16699608414051684
1986-03-01,2.0795950478002596,0.5922306432910236,0.475875011287597
1986-04-01,1.991398201377428,0.5317978369332346,0.44766556053271855
1986-05-01,1.6567472901569604,0.02934026010421586,0.23505120028434545
1986-06-01,1.9684030861114592,0.09677901129293832,0.2601045363876553
1986-07-01,2.160364176002572,0.7293742555570972,0.5401190370140622
1986-08-01,2.31884639636787,0.6850055765091185,0.5193683490494685
1986-09-01,1.981799305271104,0.3292715750484918,0.35581184410754535
1986-10-01,1.992012874203566,0.5069842251634211,0.43615088094725424
1986-11-01,2.11935953473232,0.6244732931895705,0.49098432962056865
1986-12-01,2.0240971965762333,0.6494303398308241,0.5026895349257778
1987-01-01,1.8945391075957267,0.5096898150138713,0.4374039561832492
1987-02-01,1.9971491134154316,0.5773336431097502,0.4689044695505959
1987-03-01,1.9265847347239908,0.4683359556723645,0.4183270623863683
1987-04-01,1.801865243149431,-0.25198480542786683,0.14615381454985815
1987-05-01,1.7725410835437807,0.1951860280527431,0.29898438630772717
1987-06-01,1.7280840506281094,0.18357071929526292,0.2942606315837291
1987-07-01,1.6873543727035332,0.26405284594190137,0.32767024845127135
1987-08-01,1.6118420585238833,0.26425318807648646,0.32775531273721825
1987-09-01,1.589034374666104,0.25522993542067285,0.3239330067166728
1987-10-01,1.7167687083643657,-0.6505477570374789,0.0640455902693887
1987-11-01,1.7074159014351733,0.25977918037063175,0.32585780726308
1987-12-01,1.6591008633734396,-0.00380413595414919,0.22324460004933736
1988-01-01,1.7497505128364352,-0.1425964304531342,0.17762281744735897
1988-02-01,1.7011993670279095,0.21039799737093737,0.3052223762914018
1988-03-01,1.600771260303695,-0.05845322886457205,0.2045344502923578
1988-04-01,1.4914021712148888,0.00904201571654739,0.22778008029387703
1988-05-01,1.4967029179008868,0.0864082425407624,0.2561642473081766
1988-06-01,1.559536675474937,0.18573484918015493,0.2951381306350403
1988-07-01,1.4619970080391704,-0.09511465414765397,0.1925228677366882
1988-08-01,1.442054342057197,0.07513169729336067,0.2519154077040835
1988-09-01,1.5380109248756957,0.26707861058113314,0.32895592350214764
1988-10-01,1.6821252983273691,0.385778307796371,0.3808534682037189
1988-11-01,1.61157849774101,0.2910279633567532,0.3392026577037729
1988-12-01,1.6193548375628517,0.4247478276695573,0.398426248134036
1989-01-01,1.6844195874698262,0.4235405989224592,0.3978785571545173
1989-02-01,1.5748014017016685,0.3143287328737714,0.34928743821803543
1989-03-01,1.6471045442501504,0.5416861027309263,0.45226705724570393
1989-04-01,1.7114467906040396,0.6421231187903205,0.499262135754482
1989-05-01,1.7728556279573586,0.46488713872350695,0.416744094977128
1989-06-01,1.9787859748026784,0.7327445144418214,0.5416915240759463
1989-07-01,2.1118929397638793,0.9619390086452432,0.6458593466369862
1989-08-01,1.9192887707827344,0.6757212189598554,0.5150176282653361
1989-09-01,1.7392822716554288,0.708708725955949,0.5304641545148882
1989-10-01,1.651651604342152,0.5695686947782248,0.46527476722155847
1989-11-01,1.6374358335319394,0.6825209329857365,0.5182042307063889
1989-12-01,1.5397763320191251,0.5644565074266614,0.46288664753463554
1990-01-01,1.4288319799788465,0.2978335477300551,0.34213667813967685
1990-02-01,1.428688108440255,0.4386645981893844,0.40475414686659394
1990-03-01,1.4268800972893512,0.4660989197933145,0.4173001361581881
1990-04-01,1.3521314896331436,0.2171304025620704,0.308001455760056
1990-05-01,1.2025567471943532,0.11069958594058592,0.26544223843928944
1990-06-01,1.2244352034732218,0.16109499213006995,0.2852193972883531
1990-07-01,1.163444441691061,0.08325358823888962,0.25497186611944167
1990-08-01,1.1061110337510067,-0.2083645746123235,0.15822312045746023
1990-09-01,1.126453467571154,0.00975985090383702,0.2280350408970095
1990-10-01,1.4096893151727503,0.20987517891192464,0.3050070276077913
1990-11-01,1.559372073814849,0.3187567811991965,0.35121629603051374
1990-12-01,1.5540793104021604,0.4019987375917146,0.3881403172300502
1991-01-01,1.5753063713913562,0.4342734025786741,0.40275471202298274
1991-02-01,1.4093263233894295,0.35181604233657726,0.3657351893741637
1991-03-01,1.371252715240595,0.2863925525723985,0.3372097959120043
1991-04-01,1.3575809833646728,0.23993170450086043,0.3174949748332694
1991-05-01,1.3068388694077917,0.22129055300945044,0.3097242645379106
1991-06-01,1.2846678257135873,0.12670757636501673,0.2716483052254642
1991-07-01,1.387224232066653,0.23543576594673232,0.3156132612482241
1991-08-01,1.2891800645210778,0.16115521372930552,0.2852434445582179
1991-09-01,1.3916589693680954,0.19533955887579935,0.2990470547807295
1991-10-01,1.3602401691063728,0.1804877032024288,0.2930126333542818
1991-11-01,1.3527063705072104,0.19410155468663892,0.29854189407952014
1991-12-01,1.5262181187551744,0.2147333836654823,0.3070107128045093
1992-01-01,1.3262814835950587,0.08079163699511271,0.2540433311318123
1992-02-01,1.2807817028143305,0.12056568127201506,0.26925866316398794
1992-03-01,1.2056136270943592,0.0637405197068186,0.2476614405259829
1992-04-01,1.211737549280204,0.05776457696646675,0.24544519970547737
1992-05-01,1.2188768459753043,0.02136948517930026,0.23218077107573487
1992-06-01,1.1959249512204362,0.00108623559570997,0.22496511294383167
1992-07-01,1.2536008911064789,-0.06921670780039846,0.20096252271241816
1992-08-01,1.4048951804098335,0.07825460570293608,0.25308833863769564
1992-09-01,1.524477080307835,0.17736616974248265,0.2917515509442618
1992-10-01,1.4035743856910436,0.09454684891406152,0.2592538133561607
1992-11-01,1.2853500202432004,0.07004097661145203,0.25000955536079955
1992-12-01,1.3507223298121198,0.10398572475109402,0.2628609538562393
1993-01-01,1.3750521751449547,0.06229854284270564,0.2471256918876861
1993-02-01,1.4125877296833649,0.05015103961000289,0.242637148864416
1993-03-01,1.3627658369837072,0.01953223576223872,0.23152191967509397
1993-04-01,1.4126875563239625,0.04514189781433586,0.2407991898944308
1993-05-01,1.3287865367715466,0.01766300482021954,0.23085267044127036
1993-06-01,1.3165317560947922,-0.06144542602377112,0.20353769872583188
1993-07-01,1.2898289736131294,-0.06617764963092676,0.2019672422319746
1993-08-01,1.3725830484335724,-0.07057908840253035,0.20051309173011544
1993-09-01,1.4106534557272334,0.0203275282169153,0.2318069894942172
1993-10-01,1.353443960411806,-0.05199962680058734,0.2066941183507905
1993-11-01,1.277076240910786,-0.13931410808824718,0.17862879771339063
1993-12-01,1.2491742939393158,-0.1754605114654466,0.16774831323961334
1994-01-01,1.2077632090258628,-0.2539022206725541,0.14563786483805147
1994-02-01,1.1184090580825368,-0.44053700313407984,0.1011974639141514
1994-03-01,1.2051077739997218,-0.31847824866732144,0.128974800826015
1994-04-01,1.2167622129020603,-0.27105742729166415,0.14107615576536534
1994-05-01,1.2445989903892043,-0.273774699523075,0.14036259860656558
1994-06-01,1.2049770456748123,-0.3212812378664911,0.12828275157126476
1994-07-01,1.1962482000376853,-0.3054012167257709,0.13223767225221408
1994-08-01,1.17288129705934,-0.27477390738199015,0.1401008234606408
1994-09-01,1.1605153129941324,-0.3961533601726759,0.11074511466402874
1994-10-01,1.1795662827423794,-0.31705941995850906,0.12932609040386975
1994-11-01,1.2328867069499758,-0.2584105680203943,0.14442956122738948
1994-12-01,1.2632897260747522,-0.2017251034290637,0.1601159832907025
1995-01-01,1.251217092560408,-0.25044560419038264,0.14656887946448205
1995-02-01,1.2240046874605444,-0.28417508244131295,0.13765412074366956
1995-03-01,1.222862921339648,-0.29214467111675146,0.13560296467995808
1995-04-01,1.1949993870082996,-0.23795659472764383,0.14996593386481424
1995-05-01,1.295473579823671,-0.32935464778994894,0.12630387682271477
1995-06-01,1.3212345543539514,-0.143783604499665,0.1772598493365965
1995-07-01,1.2374917337510545,-0.31716454187784193,0.1293000404131363
1995-08-01,1.2574280233551791,-0.20726092680202737,0.15853674029908124
1995-09-01,1.251543311475957,-0.16597309381945924,0.1705619687536419
1995-10-01,1.32917782537615,-0.1291416141338877,0.18176923899582703
1995-11-01,1.3860060529155098,-0.04353153098445572,0.20954831631939944
1995-12-01,1.3987608445493238,-0.05726922009622548,0.2049296644138952
1996-01-01,1.3798518647079732,-0.10658380304150694,0.1888555545213785
1996-02-01,1.2923560350429772,-0.3149089990998424,0.12985977898706144
1996-03-01,1.2494785032602491,-0.33696741827282106,0.12445748886587853
1996-04-01,1.2515326570882606,-0.2882618788507909,0.13659965979159192
1996-05-01,1.1958144226822869,-0.3202922789998368,0.12852662744227317
1996-06-01,1.2609186260945895,-0.27308745880406504,0.14054283642833365
1996-07-01,1.2720535429642317,-0.3270359292133178,0.12687002819492765
1996-08-01,1.2432631569917816,-0.397448871317391,0.11045758412038872
1996-09-01,1.227124539626172,-0.3916788898744883,0.1117423193037654
1996-10-01,1.2664919362597484,-0.33707498293054305,0.12443153625110814
1996-11-01,1.31817801498652,-0.2862033840198879,0.1371300930529847
1996-12-01,1.2388183529358323,-0.4039808752821483,0.1090159983909644
1997-01-01,1.274542724793049,-0.3446012437034627,0.12262502926351604
1997-02-01,1.207028787779758,-0.4651614015694563,0.09616633764987266
1997-03-01,1.2122663296625256,-0.492172026823976,0.0908618666439792
1997-04-01,1.2151573035108116,-0.44922001179154813,0.0994019491285066
1997-05-01,1.1726087286478115,-0.4463565897336901,0.09999146964662488
1997-06-01,1.1464002593079476,-0.5503277434555711,0.08018303400324987
1997-07-01,1.2048841340867713,-0.5221742947324941,0.08522788680244929
1997-08-01,1.141180975396885,-0.5158087933360513,0.08640080750455228
1997-09-01,1.1525907310407637,-0.5688344850848239,0.07699188184782563
1997-10-01,1.284479981044616,-0.4475670759574808,0.09974194431272082
1997-11-01,1.308146146169135,-0.33903041582374693,0.12396039965027884
1997-12-01,1.3018474395561082,-0.4069987192790778,0.1083545595587506
1998-01-01,1.3488771294798074,-0.367815427658327,0.11716917237081664
1998-02-01,1.3177899633738837,-0.3400682280384686,0.12371085978713006
1998-03-01,1.2993012864624096,-0.3911399685791661,0.11186285823588207
1998-04-01,1.210001159192273,-0.41991486212025486,0.10555628244210676
1998-05-01,1.2113056221979115,-0.38056469402991144,0.11424703755538212
1998-06-01,1.3127014396411367,-0.34506013311509554,0.12251548154445656
1998-07-01,1.362947936305738,-0.30637296144880666,0.13199327108738787
1998-08-01,1.9998726836895364,0.08809588265609247,0.2568033252591456
1998-09-01,2.118701825645259,0.07300092208058295,0.25111676105511505
1998-10-01,2.2585593273420805,0.1968127713697947,0.2996486961055058
1998-11-01,1.9969700129241077,0.1856967334084327,0.29512266524996167
1998-12-01,1.9540907357906976,0.0460722943863765,0.2411399979874904
1999-01-01,1.9122936908183228,0.04272448311088284,0.23991490739488588
1999-02-01,1.7829092718780768,-0.1819851281673459,0.16583077305633462
1999-03-01,1.6737158382498911,-0.1684654243291439,0.16981991551645165
1999-04-01,1.6214965015049436,-0.2102154870593438,0.15769806754290766
1999-05-01,1.6558532960332768,-0.206495602556938,0.1587544591011327
1999-06-01,1.6960649274669135,-0.1456778554124245,0.17668166937514398
1999-07-01,1.7541497126855272,-0.0964281503867781,0.19210067735144923
1999-08-01,1.9666456036776068,-0.04195673479574724,0.210081651400977
1999-09-01,2.0276021435491947,0.09039209440947292,0.25767418880852666
1999-10-01,2.0937154079093654,0.1037683160078482,0.2627775815719754
1999-11-01,2.04524467377717,0.0696771755860055,0.2498736498837162
1999-12-01,1.8633514807095175,-0.16037044268242262,0.1722376385265438
2000-01-01,1.950320831657996,0.02364722750273284,0.2329990332591411
2000-02-01,2.122469497998492,0.11313344260131108,0.2663811519399544
2000-03-01,2.4746867982025123,0.3797184164910057,0.37814178154551054
2000-04-01,2.636578232022321,0.5369552440098024,0.45006471708974166
2000-05-01,2.80514036112006,0.7172607687928116,0.5344621477241237
2000-06-01,2.815740900392646,0.7591370269164139,0.5539812076736667
2000-07-01,2.940392653659896,0.8419560501332173,0.5921575866738622
2000-08-01,3.064164062818344,0.992956072528202,0.6593291021764576
2000-09-01,3.2214296873226336,1.1054862912254908,0.7064134733683173
2000-10-01,3.66573053302497,1.5017110169645411,0.843461770407202
2000-11-01,3.76794530257044,1.5840049134444274,0.8655377119254883
2000-12-01,3.7866276796969114,1.580122337519096,0.8645468178930933
2001-01-01,3.3987943030304257,1.1239322483388254,0.7138354079999547
2001-02-01,3.3202590460397614,1.1511197050487776,0.7246092375329665
2001-03-01,3.275322881028066,1.0833905012830432,0.6974074897100648
2001-04-01,3.199204766830491,0.9002473902842163,0.6185341094949014
2001-05-01,2.9940945491673103,0.7603972892020914,0.5545668493538438
2001-06-01,3.09088234174841,0.996921894936292,0.6610372122410477
2001-07-01,3.0308253365345124,0.7620379779305946,0.5553290959657223
2001-08-01,3.0174429763564965,0.7365930193349737,0.5434863509513591
2001-09-01,3.534254959925907,1.2031513500459652,0.7446551815952287
2001-10-01,3.433228929291901,1.0146906229792951,0.6686493357737533
2001-11-01,2.979609084266577,-0.10927373225143676,0.1880017096883971
2001-12-01,2.8948630402353235,0.38895574753083695,0.3822776641157233
2002-01-01,2.9267066033984404,0.5454668062211843,0.4540281347445008
2002-02-01,2.9612249347553785,0.7534715976611119,0.5513470558286513
2002-03-01,2.6127386599998266,0.26393784615166904,0.3276214241452077
2002-04-01,2.6496690832458785,0.38707719827317666,0.3814354646499449
2002-05-01,2.7266109720343135,0.4822138459007288,0.42470998249041314
2002-06-01,3.2615351769522434,0.923127510294608,0.6287459431294801
2002-07-01,4.057614473448054,1.5234597690876543,0.8495156338514179
2002-08-01,3.934130329366459,1.4213649920068652,0.8197264349865291
2002-09-01,4.263755955308851,1.5983920202765272,0.8691660760188564
2002-10-01,4.30924319578683,1.3986934975616796,0.8126402206614614
2002-11-01,3.754399379107968,1.0110164582443444,0.6670808975995286
2002-12-01,3.652904880072415,0.8709021480952202,0.6053159318725102
2003-01-01,3.5427627570077607,0.8248464052642177,0.5843296613321969
2003-02-01,3.424953877774537,0.621615422382777,0.489644253575904
2003-03-01,3.1876919696170076,0.11634227521640472,0.26762159232467786
2003-04-01,2.713838329878697,0.02707375009527846,0.23423299754418395
2003-05-01,2.795801406595762,-0.5138653960980055,0.08676129603696198
2003-06-01,2.530542088841651,-0.41487101794447456,0.1066427453586676
2003-07-01,2.429890838065337,-1.082113845321965,0.0212253464266242
2003-08-01,2.3840607384222867,-0.22498798064151648,0.1535485828553223
2003-09-01,2.416358567511256,-0.570139732815155,0.07677051289684848
2003-10-01,2.0957567035480422,-0.5455306734091612,0.08102629463770317
2003-11-01,2.0016541560655066,-0.5677035180940879,0.07718408495412699
2003-12-01,1.909077859586521,-0.541292451794622,0.08177687118082616
2004-01-01,1.7831847060063464,-0.7331355271273903,0.05274808211610993
2004-02-01,1.9179989333827645,-0.35261398032753477,0.12072206313668672
2004-03-01,1.929099517325484,-0.5393040786418699,0.08213080715528225
2004-04-01,1.763372520531711,-0.7606907606281399,0.04935192475619768
2004-05-01,1.9095392757487528,-0.3794213369768036,0.11450695716450011
2004-06-01,1.8167714725292576,-0.3938885835900958,0.1112490551519626
2004-07-01,1.7466000046029624,-0.33037057905970935,0.12605637684543028
2004-08-01,1.8724237628043563,-0.4413830261337255,0.10102148691938692
2004-09-01,1.76016273683919,-0.5629173601947925,0.07800151016664891
2004-10-01,1.753039257319034,-0.5489249084793499,0.0804289444080206
2004-11-01,1.5438334865946324,-0.6879237865940788,0.05871923803405349
2004-12-01,1.472647712596911,-0.7375601188405247,0.05219058722340426
2005-01-01,1.7125553811201897,-0.7216344319103518,0.05421932611824438
2005-02-01,1.5667747162393175,-0.9437527259027708,0.03099269425618292
2005-03-01,1.8607730354249996,-0.6498920489251307,0.06414227964293809
2005-04-01,2.1468177350134683,-0.3955513684283063,0.11087890529952714
2005-05-01,2.117156422295368,-0.3178925752659909,0.12911972815404602
2005-06-01,1.9655317999452575,-0.46610490306869967,0.09597729165502016
2005-07-01,1.7249175111030184,-0.5665820834814113,0.0773750278285073
2005-08-01,1.8120728470881209,-0.5695952421169037,0.0768627991702342
2005-09-01,1.8322645716280304,-0.4758803554262496,0.09403468185719288
2005-10-01,1.8839868560057491,-0.35486185346475807,0.12019196368931312
2005-11-01,1.8900289204870928,-0.32347059433317127,0.12774400290406987
2005-12-01,1.9528956718342596,-0.29423888531680786,0.13506746277164464
2006-01-01,1.796362587265562,-0.3735005693006104,0.11585966021892664
2006-02-01,1.7482777000920102,-0.3275242516211516,0.12675065003835645
2006-03-01,1.7175548170275203,-0.41222971498242367,0.10721490145723736
2006-04-01,1.6373078070868985,-0.4537810262792646,0.0984681819047509
2006-05-01,1.6510413583868373,-0.35758972229907116,0.11955087594013106
2006-06-01,1.7581697721584484,-0.3726761261056683,0.11604891501969287
2006-07-01,1.8025622976426243,-0.27724216011138325,0.13945560635609736
2006-08-01,1.812511349743292,-0.3054491864618383,0.13222560018492888
2006-09-01,1.825991871682076,-0.3613650473816301,0.11866760621746142
2006-10-01,1.719249695171999,-0.393609839011118,0.11131119251404614
2006-11-01,1.709726099042411,-0.364103057257636,0.1180299164425248
2006-12-01,1.59798808160894,-0.4926432028805059,0.09077130132741648
2007-01-01,1.5037294521092106,-0.5547390241887025,0.07941346014259337
2007-02-01,1.5420730047565323,-0.554614092476172,0.0794351780186961
2007-03-01,1.603160540595782,-0.3705605904203213,0.11653554987722464
2007-04-01,1.5745826670337764,-0.3706829864204475,0.11650735584592672
2007-05-01,1.4817728158985526,-0.5921643419078753,0.07310775394672385
2007-06-01,1.64556371338528,-0.3786110945385987,0.1146914044051016
2007-07-01,2.156796359462648,0.02716316129230556,0.23426524479412045
2007-08-01,2.3070040048243525,0.139907126019863,0.27681935364155597
2007-09-01,2.273931782447814,0.073144354528897,0.25117047962104533
2007-10-01,2.2061772461028872,-0.01376279045674833,0.21976423910121387
2007-11-01,2.787618000070709,0.33383320222680757,0.35781211085126574
2007-12-01,2.8735936360134495,0.48407633004646744,0.42556814640220486
2008-01-01,3.297543248938683,0.7134308683188841,0.5326721138872886
2008-02-01,3.5748424132719445,0.9226699314203732,0.6285425755418825
2008-03-01,3.802370678231699,1.14075673009018,0.720526219420702
2008-04-01,3.2934172959083847,0.659599899384792,0.5074591079321722
2008-05-01,3.135897048210576,0.6694408068561284,0.5120735334348285
2008-06-01,3.469489890632597,0.8075634272095744,0.5763883226173117
2008-07-01,3.708569226451896,1.0675424644996747,0.6908727708407022
2008-08-01,3.81727086128547,1.216593743137643,0.7497072430656261
2008-09-01,4.821059588692307,1.780399852403653,0.9092986509919992
2008-10-01,7.20911219936287,3.4535809194837124,0.9995228187471944
2008-11-01,7.923794299511783,3.2013885074636192,0.9986813982447276
2008-12-01,7.728687714854134,3.359799566030783,0.9992969236626984
2009-01-01,6.437825410517773,2.809495312275229,0.9945576650291776
2009-02-01,6.260474692452845,3.193002687396325,0.9986379900389136
2009-03-01,6.362375539433036,2.744768856203506,0.9932496218062924
2009-04-01,5.460702031810944,2.2392234233090407,0.969665356208172
2009-05-01,4.8606865240648345,1.3679486599585695,0.8027597834949569
2009-06-01,4.227229035227391,0.9331445828277736,0.6331888609069424
2009-07-01,3.6120075106844975,0.3293131330852721,0.3558300494375921
2009-08-01,3.388098292623591,0.05875350936977996,0.24581121825173985
2009-09-01,3.0184808323135037,0.04637814883033764,0.241252090970944
2009-10-01,2.8969786608348103,-0.1572471034722196,0.17317632756236714
2009-11-01,2.8952699310043513,-0.0248290699885989,0.2159335747747289
2009-12-01,2.4531685367742204,-0.4939600734645393,0.09051853930611443
2010-01-01,2.4464708748306245,-0.21394059287675127,0.1566448312804214
2010-02-01,2.483065570488782,-0.013374376379367,0.21989939604545977
2010-03-01,2.268883864647764,-0.17266406035629345,0.16857452480577398
2010-04-01,2.15963091259355,-0.2872571190778648,0.13685839090517943
2010-05-01,2.624810521836109,-0.14036120908292735,0.178307488692891
2010-06-01,2.757918781940514,0.02821282289652416,0.2346440019018297
2010-07-01,2.596292543226651,0.15531899633246704,0.2829174686675664
2010-08-01,2.7469149091721032,-0.30789615252021507,0.13161080417958726
2010-09-01,2.583553223599999,-0.02705300150229117,0.21516844183596523
2010-10-01,2.450000944411047,-0.0306909662332302,0.2139202163206216
2010-11-01,2.453678923328688,-0.15630181849881764,0.1734610647583612
2010-12-01,2.2576230374974804,-0.4312201317824331,0.10315021197989452
2011-01-01,2.1474453271283593,-0.03778458113293714,0.21149848101254295
2011-02-01,2.035437264084866,-0.28880265837787666,0.13646054466501512
2011-03-01,2.0007819073500923,-0.32885075174420075,0.12642676093808808
2011-04-01,2.013200589663703,-0.2804519852206937,0.1386195651300629
2011-05-01,2.100669349619462,-0.1555478574716691,0.1736883851621317
2011-06-01,2.192389845747828,-0.03274258858114454,0.21321814535152683
2011-07-01,2.2587969545031186,-0.07826396402406122,0.19798928007558017
2011-08-01,2.8706775407973364,-0.11633151581116286,0.18577276202870696
2011-09-01,3.158563699552708,0.4240560314375994,0.39811237208080774
2011-10-01,2.845028162785396,-0.11097497627165832,0.1874629283020151
2011-11-01,3.0351401648222325,0.4881126449569466,0.4274291364933818
2011-12-01,2.916301630063126,0.25871742151095845,0.32540815575049864
2012-01-01,2.795575459180884,0.1607572500848855,0.2850845503898878
2012-02-01,2.542406446022948,0.03541002133452009,0.23725012025636985
2012-03-01,2.4697212776192767,-0.3617270603520888,0.1185831530658993
2012-04-01,2.562206842147782,-0.18775214654006375,0.16414773035864316
2012-05-01,2.83822943618733,-0.10105987940393346,0.19061645061960947
2012-06-01,2.7867853357798262,0.14266431306200775,0.2779055638672888
2012-07-01,2.6368477143519473,-0.02918460945986245,0.21443655164970984
2012-08-01,2.5631077867362726,-0.230574387640754,0.1519984166793522
2012-09-01,2.438754832217231,-0.17454463762027397,0.16801862057323955
2012-10-01,2.2789320296629607,-0.20281315386439003,0.15980477820950453
2012-11-01,2.375013016053517,-0.06951859662525361,0.2008628815747784
2012-12-01,2.267702701908941,-0.18468817552750405,0.16504053340363065
2013-01-01,2.145410111323566,-0.11347245946887652,0.1866737099984291
2013-02-01,2.1940115805785516,-0.05025399984556289,0.20728059628996892
2013-03-01,2.16969467797151,-0.11587265611167964,0.18591717625589477
2013-04-01,2.1090557917401784,-0.14433429753550575,0.17709163889220092
2013-05-01,2.018734314616869,-0.5117500069374619,0.08715496428448632
2013-06-01,2.195241544331997,-0.3668808880088252,0.11738543321451114
2013-07-01,2.069299194949821,-0.02575479557064541,0.2156148919840125
2013-08-01,2.041389172528529,-0.13423160894490627,0.18019356722022492
2013-09-01,2.1102948384989424,-0.1476654924596703,0.1760762688515237
2013-10-01,2.01162532530163,-0.05567914051409683,0.2054611359271026
2013-11-01,1.965124735248917,-0.01398623578377322,0.21968650815786497
2013-12-01,1.808342483383946,-0.16851970135881578,0.16980377842878322
2014-01-01,1.868114075836006,-0.322255594497143,0.12804279101108185
2014-02-01,1.768325357551925,-0.224532884563434,0.15367532655873184
2014-03-01,1.718339202627849,-0.28979694757577956,0.13620501747996072
2014-04-01,1.662773449391159,-0.3709575784473031,0.11644412092287318
2014-05-01,1.662010515986701,-0.3845015081651908,0.11335529543959826
2014-06-01,1.6310263332205517,-0.3186748482786572,0.12892617673127982
2014-07-01,1.68988098294925,-0.32529191677797886,0.12729701855133574
2014-08-01,1.6844623048577148,-0.3214637129661895,0.1282377886037429
2014-09-01,1.837562158944495,-0.22067873260301907,0.15475147975835693
2014-10-01,1.9411178018736832,-0.22184260564789637,0.15442598058398804
2014-11-01,2.1058756154520286,0.05450133753436814,0.24423950678843595
2014-12-01,2.199252352105567,0.08239043515775801,0.2546461223746366
2015-01-01,2.2792935428023218,-0.04236036382432662,0.20994487870031833
2015-02-01,2.0300882962735503,-0.2896563645373007,0.13624112670521077
2015-03-01,2.141846200254985,-0.13106785803352938,0.18117193505193807
2015-04-01,2.111309750908572,0.00271160347687926,0.22553860366842896
2015-05-01,2.118629634700724,0.05011541641189732,0.242624051205002
2015-06-01,2.2370399772753724,0.14724469407964325,0.27971461800680775
2015-07-01,2.3722800331182174,0.20906072597851333,0.30467168933306554
2015-08-01,2.4849735892443614,0.39678306907384053,0.385792799498736
2015-09-01,2.701558939682839,0.5368618677167869,0.4500212631950165
2015-10-01,2.4705457030128457,0.4201911195215491,0.3963600346000315
2015-11-01,2.528384270603333,0.509213429824487,0.4371832757586313
2015-12-01,2.745523731946029,0.6859689299901808,0.5198196606381047
2016-01-01,3.138335606796364,0.9191050785357828,0.6269569778669538
2016-02-01,3.153497623227996,0.948393619249245,0.6399180365342859
2016-03-01,2.7309155425259153,0.5729601479277653,0.4668597546512246
2016-04-01,2.4518295572918203,0.2285579203418049,0.3127438737142988
2016-05-01,2.4212481299392983,0.24069594592174637,0.31781530887728643
2016-06-01,2.520712036802655,0.05038883530917681,0.24272458953728504
2016-07-01,2.3257648652574834,-0.00163770403359286,0.2240058606386043
2016-08-01,2.1272771872160132,-0.03280360756985967,0.21319728507830635
2016-09-01,2.117713499009078,-0.08386506678360472,0.1961619511435279
2016-10-01,1.9197502874842456,-0.08443015396512732,0.19597816424411288
2016-11-01,1.8305494574770047,-0.7350356688607103,0.05250808968676481
2016-12-01,1.691922306317021,-0.24778049200426144,0.14728942955823243
2017-01-01,1.6487663752798143,-0.19979663117605395,0.16066853936020983
2017-02-01,1.600938502376399,-0.18702677893472863,0.16435880992216778
2017-03-01,1.6362883644712327,-0.17623633075830236,0.1675195602367158
2017-04-01,1.6231967268650211,-0.1265975415440359,0.18256000941336376
2017-05-01,1.587890029801751,-0.17597448576589425,0.16759674366132954
2017-06-01,1.5658633352397509,-0.1346801746674113,0.1800551203209169
2017-07-01,1.5094762167446336,-0.1596658755112068,0.17244910519971238
2017-08-01,1.6286469974180138,-0.08918955409684104,0.1944343829653271
2017-09-01,1.5113625649612117,-0.2655356206313686,0.14253375270576793
2017-10-01,1.440284368366226,-0.22503953103240493,0.1535342305002791
2017-11-01,1.4525680278008959,-0.1428661035079679,0.17754032612116943
2017-12-01,1.4110227419366277,-0.2058661234158563,0.1589336796389875
2018-01-01,1.2756702639237016,-0.4044715979321645,0.10890824665323176
2018-02-01,1.3764455319636304,-0.2479513733058023,0.1472431583139741
2018-03-01,1.5364252830925738,-0.10901832643773646,0.18808267877031604
2018-04-01,1.446981591307866,-0.2873341205439701,0.13683855076491727
2018-05-01,1.534182998740263,-0.19909680275605512,0.16086936549793288
2018-06-01,1.6199334935199723,0.02114800457674759,0.23210129120180983
2018-07-01,1.4833340584171508,-0.1334317403227996,0.1804406072302484
2018-08-01,1.5214208695324238,-0.10147882559400556,0.19048254833496855
2018-09-01,1.4292845553631608,-0.18062398186793183,0.1662296304697088
2018-10-01,1.5836175244998365,-0.0054616434278103,0.22266316561777
2018-11-01,1.7912742638116637,0.13981919418860533,0.27678474661972885
2018-12-01,2.0797062314497867,0.3360512237625477,0.35878612665393594
2019-01-01,1.8270947398984712,0.16775357968725269,0.2878840914644134
2019-02-01,1.645040713524465,0.05622652710407538,0.24487652706133903
2019-03-01,1.6755011545687954,-0.13219603517424772,0.1808226731126844
2019-04-01,1.577272890109441,-0.0152832444495139,0.2192356237263011
2019-05-01,1.8190523003128245,-0.02635432251634584,0.21540864927742237
2019-06-01,1.6894159178491892,-0.00381987092153512,0.22323907634497797
2019-07-01,1.6342855385377648,-0.05450028974789056,0.2058556852812889
2019-08-01,1.811015403332148,-0.17043498337424756,0.16923497611740257
2019-09-01,1.728004448109125,-0.24985547001409691,0.14672822614881229
2019-10-01,1.7056214853238905,-0.2429765429085371,0.1485942314690417
2019-11-01,1.6363093830370017,-0.19123159069927187,0.1631376693434952
2019-12-01,1.4827887377369158,-0.3039687319061932,0.13259852163774943
2020-01-01,1.6648253878428845,-0.26379644980876105,0.14299494509585808
2020-02-01,1.99387291092484,-0.16804903997965392,0.16994374333157908
2020-03-01,3.855228995843227,1.2100436973790716,0.74725217583899
2020-04-01,2.9117545149678667,0.6555188657652513,0.50554517310506
2020-05-01,2.541786805215306,0.3958461683368872,0.3853715503276457
2020-06-01,2.344323245097247,0.04348731346258328,0.24019375686395336
2020-07-01,2.049676487787535,-0.1706159985866651,0.1691812813838275
2020-08-01,1.9519290852127475,-0.2947801170418598,0.13492930304185927
2020-09-01,2.0694476592919653,-0.00956207062997061,0.22122849836346484
2020-10-01,1.9452797773047863,-0.2160312129482782,0.15605576272044525
2020-11-01,1.6835004670897478,-0.47545324024498337,0.094118948861135
2020-12-01,1.4963533377290184,-0.5114719252402502,0.08720681358201993
2021-01-01,1.4552072259502211,-0.6616471038888871,0.06242604245963279
2021-02-01,1.3965547437437058,-0.9468246642847618,0.03074107600283072
2021-03-01,1.3370126512496514,-0.7474752708258865,0.05095827984529651
2021-04-01,1.274743384737789,-0.4915296721693556,0.0909854423843228
2021-05-01,1.2676108419710532,-0.42859084799193314,0.10370620948738304
2021-06-01,1.1877644110669192,-0.5858007626925463,0.07415202520877154
2021-07-01,1.2553829018995335,-0.5548523914659287,0.07939375649412897
2021-08-01,1.2482003562517558,-0.48100508641185113,0.0930279440356093
2021-09-01,1.193408338445911,-0.6435161618023801,0.06508838047691305
2021-10-01,1.1862752899304012,-0.5222872213784684,0.08520718694037527
2021-11-01,1.3362788837204032,-0.4423230716345681,0.10082621452162714
2021-12-01,1.2478515713628566,-0.4418320883249182,0.10092817042148695
2022-01-01,1.3636333048033953,-0.3413217919834888,0.12340991211844296
2022-02-01,1.525565983344368,-0.20564491273220908,0.15899669254262722
2022-03-01,1.4186598783903244,-0.8143950592287079,0.04323576935903031
2022-04-01,1.5947477892460649,-0.2890102587887542,0.1364071653663399
2022-05-01,1.5858499897041762,-0.11062123117914036,0.18757488017701837
2022-06-01,1.945186414212796,0.08814052180671261,0.2568202405343851
2022-07-01,1.7264027198638725,0.01040258206427324,0.22826346219643628
2022-08-01,1.7228491112671342,-0.02613046489442472,0.21548564493753933
2022-09-01,1.8823089440526717,0.04359611449634304,0.24023354301849592
2022-10-01,1.6830259918902213,0.10199727879315557,0.2620989253443513
2022-11-01,1.5767627884722035,-0.22423601268977267,0.15375804233238397
2022-12-01,1.5234131092454937,-0.01098782584969759,0.220730893405595
2023-01-01,1.4224480181178605,-0.03100191143136421,0.2138137235418564
2023-02-01,1.4904139269109975,-0.1466334597985397,0.1763904443999984
2023-03-01,1.5315803503661167,-0.19465282127589137,0.1621484543769025
