<TICKER>;<PER>;<DATE>;<TIME>;<OPEN>;<HIGH>;<LOW>;<CLOSE>;<VOL>
GAZA;30;231101;100000;995.0000000;1002.5000000;995.0000000;1002.5000000;80
GAZA;30;231101;103000;1002.5000000;1008.5000000;1002.0000000;1007.5000000;130
GAZA;30;231101;110000;1007.5000000;1007.5000000;1001.0000000;1007.5000000;30
GAZA;30;231101;113000;1001.5000000;1006.5000000;1000.5000000;1006.5000000;70
GAZA;30;231101;120000;1007.0000000;1007.0000000;1007.0000000;1007.0000000;10
GAZA;30;231101;123000;1002.5000000;1006.0000000;1002.5000000;1006.0000000;20
GAZA;30;231101;130000;1002.0000000;1002.0000000;1001.5000000;1001.5000000;30
GAZA;30;231101;133000;1001.5000000;1001.5000000;1001.5000000;1001.5000000;20
GAZA;30;231101;140000;1001.5000000;1001.5000000;1000.0000000;1000.5000000;80
GAZA;30;231101;143000;1005.0000000;1005.0000000;997.0000000;997.0000000;160
GAZA;30;231101;153000;1003.0000000;1007.0000000;1003.0000000;1007.0000000;150
GAZA;30;231101;163000;1004.5000000;1004.5000000;1004.5000000;1004.5000000;10
GAZA;30;231101;170000;1004.0000000;1004.0000000;1004.0000000;1004.0000000;10
GAZA;30;231101;173000;1006.5000000;1035.0000000;1006.5000000;1035.0000000;880
GAZA;30;231101;180000;1034.5000000;1034.5000000;1019.5000000;1019.5000000;30
GAZA;30;231101;183000;1020.0000000;1020.5000000;1020.0000000;1020.5000000;20
GAZA;30;231102;100000;1035.0000000;1045.0000000;1020.5000000;1029.5000000;410
GAZA;30;231102;103000;1039.0000000;1060.0000000;1032.0000000;1035.5000000;910
GAZA;30;231102;110000;1035.5000000;1095.5000000;1035.5000000;1066.0000000;2190
GAZA;30;231102;113000;1065.0000000;1088.0000000;1050.0000000;1084.5000000;1280
GAZA;30;231102;120000;1074.0000000;1084.0000000;1050.0000000;1052.5000000;1350
GAZA;30;231102;123000;1051.0000000;1051.0000000;1040.5000000;1040.5000000;180
GAZA;30;231102;130000;1040.5000000;1040.5000000;1036.5000000;1036.5000000;150
GAZA;30;231102;133000;1036.0000000;1049.0000000;1036.0000000;1045.5000000;200
GAZA;30;231102;140000;1038.5000000;1041.5000000;1033.5000000;1041.5000000;140
GAZA;30;231102;143000;1041.0000000;1041.0000000;1038.0000000;1038.0000000;20
GAZA;30;231102;150000;1038.5000000;1038.5000000;1038.0000000;1038.0000000;50
GAZA;30;231102;153000;1042.0000000;1044.5000000;1042.0000000;1044.5000000;230
GAZA;30;231102;160000;1044.5000000;1044.5000000;1044.5000000;1044.5000000;80
GAZA;30;231102;163000;1039.0000000;1039.0000000;1039.0000000;1039.0000000;20
GAZA;30;231102;173000;1039.0000000;1039.0000000;1030.0000000;1030.0000000;400
GAZA;30;231102;180000;1033.5000000;1033.5000000;1021.5000000;1025.5000000;400
GAZA;30;231102;183000;1025.0000000;1025.0000000;1025.0000000;1025.0000000;100
GAZA;30;231103;100000;1034.0000000;1043.5000000;1034.0000000;1041.5000000;200
GAZA;30;231103;103000;1031.5000000;1031.5000000;1030.0000000;1030.0000000;90
GAZA;30;231103;110000;1029.0000000;1032.5000000;1021.0000000;1032.5000000;260
GAZA;30;231103;113000;1030.0000000;1030.0000000;1030.0000000;1030.0000000;10
GAZA;30;231103;120000;1034.5000000;1034.5000000;1034.5000000;1034.5000000;60
GAZA;30;231103;123000;1030.0000000;1030.0000000;1028.0000000;1028.0000000;170
GAZA;30;231103;130000;1028.5000000;1028.5000000;1028.0000000;1028.0000000;60
GAZA;30;231103;133000;1033.5000000;1033.5000000;1033.5000000;1033.5000000;20
GAZA;30;231103;143000;1028.5000000;1028.5000000;1013.0000000;1019.5000000;280
GAZA;30;231103;150000;1024.0000000;1024.0000000;1024.0000000;1024.0000000;20
GAZA;30;231103;160000;1023.0000000;1024.0000000;1023.0000000;1024.0000000;30
GAZA;30;231103;170000;1022.5000000;1023.5000000;1022.5000000;1023.5000000;30
GAZA;30;231103;180000;1023.5000000;1023.5000000;1023.5000000;1023.5000000;10
GAZA;30;231106;100000;1020.5000000;1028.0000000;985.0000000;1015.0000000;920
GAZA;30;231106;103000;1011.5000000;1011.5000000;1008.5000000;1008.5000000;40
GAZA;30;231106;110000;1008.0000000;1015.0000000;970.0000000;982.5000000;3000
GAZA;30;231106;113000;989.0000000;1060.0000000;988.0000000;1026.0000000;2670
GAZA;30;231106;120000;1027.0000000;1027.0000000;1021.5000000;1021.5000000;150
GAZA;30;231106;123000;1025.5000000;1026.0000000;1025.5000000;1026.0000000;20
GAZA;30;231106;130000;1029.5000000;1030.0000000;1026.5000000;1026.5000000;30
GAZA;30;231106;133000;1026.0000000;1026.0000000;1025.0000000;1025.0000000;30
GAZA;30;231106;140000;1025.0000000;1026.0000000;1025.0000000;1025.0000000;50
GAZA;30;231106;143000;1025.5000000;1025.5000000;1025.0000000;1025.0000000;90
GAZA;30;231106;150000;1025.0000000;1025.0000000;1025.0000000;1025.0000000;10
GAZA;30;231106;170000;1028.5000000;1028.5000000;1025.5000000;1025.5000000;20
GAZA;30;231106;180000;1025.0000000;1025.0000000;1022.5000000;1022.5000000;30
GAZA;30;231106;183000;1022.5000000;1022.5000000;1022.5000000;1022.5000000;10
GAZA;30;231107;100000;1032.0000000;1032.0000000;1025.0000000;1025.0000000;220
GAZA;30;231107;103000;1025.0000000;1025.0000000;1025.0000000;1025.0000000;10
GAZA;30;231107;110000;1025.0000000;1025.0000000;1021.0000000;1025.0000000;390
GAZA;30;231107;120000;1020.0000000;1020.0000000;1020.0000000;1020.0000000;70
GAZA;30;231107;123000;1020.0000000;1020.0000000;1020.0000000;1020.0000000;10
GAZA;30;231107;130000;1020.0000000;1020.0000000;1020.0000000;1020.0000000;10
GAZA;30;231107;133000;1020.0000000;1020.0000000;1010.5000000;1011.0000000;90
GAZA;30;231107;140000;1016.5000000;1016.5000000;1016.5000000;1016.5000000;10
GAZA;30;231107;143000;1016.0000000;1016.0000000;1016.0000000;1016.0000000;20
GAZA;30;231107;150000;1013.0000000;1013.0000000;1013.0000000;1013.0000000;10
GAZA;30;231107;153000;1016.5000000;1016.5000000;1016.5000000;1016.5000000;10
GAZA;30;231107;160000;1017.0000000;1031.0000000;1017.0000000;1027.5000000;720
GAZA;30;231107;170000;1024.5000000;1024.5000000;1024.5000000;1024.5000000;10
GAZA;30;231107;173000;1022.5000000;1022.5000000;1022.5000000;1022.5000000;20
GAZA;30;231107;180000;1023.0000000;1023.0000000;1023.0000000;1023.0000000;10
GAZA;30;231107;183000;1023.0000000;1023.0000000;1020.5000000;1020.5000000;20
GAZA;30;231108;100000;1020.5000000;1020.5000000;1015.5000000;1016.0000000;60
GAZA;30;231108;103000;1016.0000000;1021.5000000;1016.0000000;1018.0000000;130
GAZA;30;231108;110000;1017.0000000;1019.5000000;1017.0000000;1019.5000000;40
GAZA;30;231108;113000;1017.0000000;1019.5000000;1017.0000000;1019.5000000;30
GAZA;30;231108;120000;1019.5000000;1019.5000000;1017.5000000;1017.5000000;50
GAZA;30;231108;123000;1017.0000000;1017.0000000;1017.0000000;1017.0000000;20
GAZA;30;231108;130000;1019.5000000;1024.0000000;1019.0000000;1024.0000000;280
GAZA;30;231108;140000;1025.0000000;1025.0000000;1025.0000000;1025.0000000;10
GAZA;30;231108;153000;1025.0000000;1025.0000000;1025.0000000;1025.0000000;20
GAZA;30;231108;160000;1021.5000000;1044.5000000;1017.5000000;1044.0000000;540
GAZA;30;231108;163000;1033.5000000;1033.5000000;1029.5000000;1029.5000000;30
GAZA;30;231108;170000;1029.5000000;1029.5000000;1017.5000000;1017.5000000;270
GAZA;30;231108;173000;1018.0000000;1027.0000000;1018.0000000;1018.5000000;50
GAZA;30;231108;180000;1026.5000000;1026.5000000;1026.5000000;1026.5000000;10
GAZA;30;231108;183000;1020.5000000;1020.5000000;1020.0000000;1020.0000000;50
GAZA;30;231109;100000;1027.5000000;1027.5000000;1027.5000000;1027.5000000;10
GAZA;30;231109;103000;1028.0000000;1028.0000000;1021.0000000;1027.0000000;40
GAZA;30;231109;110000;1021.0000000;1021.0000000;1021.0000000;1021.0000000;10
GAZA;30;231109;113000;1021.0000000;1021.5000000;1021.0000000;1021.5000000;20
GAZA;30;231109;120000;1021.5000000;1021.5000000;1021.5000000;1021.5000000;10
GAZA;30;231109;123000;1021.5000000;1021.5000000;1021.5000000;1021.5000000;10
GAZA;30;231109;133000;1021.5000000;1021.5000000;1021.5000000;1021.5000000;30
GAZA;30;231109;143000;1021.5000000;1021.5000000;1021.5000000;1021.5000000;10
GAZA;30;231109;150000;1021.5000000;1025.0000000;1017.5000000;1025.0000000;190
GAZA;30;231109;163000;1023.0000000;1023.0000000;1023.0000000;1023.0000000;10
GAZA;30;231109;173000;1024.0000000;1024.0000000;1024.0000000;1024.0000000;10
GAZA;30;231110;100000;1019.5000000;1019.5000000;1017.5000000;1017.5000000;20
GAZA;30;231110;103000;1017.5000000;1026.5000000;1017.5000000;1026.5000000;100
GAZA;30;231110;110000;1026.5000000;1027.0000000;1026.5000000;1026.5000000;140
GAZA;30;231110;113000;1029.5000000;1039.0000000;1027.5000000;1035.5000000;320
GAZA;30;231110;120000;1027.0000000;1030.0000000;1018.5000000;1018.5000000;200
GAZA;30;231110;123000;1019.0000000;1023.0000000;1018.0000000;1023.0000000;110
GAZA;30;231110;130000;1017.5000000;1017.5000000;1015.0000000;1015.0000000;120
GAZA;30;231110;133000;1017.5000000;1020.0000000;895.0000000;980.0000000;1920
GAZA;30;231110;140000;980.0000000;1007.0000000;974.0000000;1007.0000000;560
GAZA;30;231110;143000;1004.0000000;1006.5000000;991.5000000;991.5000000;90
GAZA;30;231110;150000;990.5000000;998.0000000;979.0000000;979.0000000;330
GAZA;30;231110;153000;980.0000000;980.0000000;935.5000000;959.5000000;880
GAZA;30;231110;160000;953.5000000;1024.0000000;925.0000000;1003.0000000;2860
GAZA;30;231110;163000;1005.5000000;1005.5000000;1003.0000000;1003.0000000;100
GAZA;30;231110;170000;1002.5000000;1002.5000000;932.0000000;966.5000000;1280
GAZA;30;231110;173000;975.5000000;982.5000000;975.5000000;982.0000000;260
GAZA;30;231110;180000;976.5000000;981.5000000;975.0000000;981.5000000;250
GAZA;30;231110;183000;981.0000000;992.5000000;981.0000000;992.5000000;190
GAZA;30;231113;100000;970.0000000;988.0000000;951.0000000;988.0000000;510
GAZA;30;231113;103000;988.0000000;988.0000000;973.5000000;974.0000000;90
GAZA;30;231113;110000;979.0000000;979.0000000;971.5000000;972.0000000;40
GAZA;30;231113;113000;970.0000000;976.0000000;906.0000000;926.0000000;1290
GAZA;30;231113;120000;926.0000000;946.5000000;909.0000000;921.5000000;540
GAZA;30;231113;123000;945.5000000;955.0000000;913.5000000;918.0000000;370
GAZA;30;231113;130000;918.0000000;927.0000000;915.5000000;924.0000000;130
GAZA;30;231113;133000;926.5000000;958.5000000;924.0000000;935.5000000;540
GAZA;30;231113;140000;935.5000000;940.5000000;930.0000000;940.0000000;240
GAZA;30;231113;143000;940.0000000;940.0000000;940.0000000;940.0000000;20
GAZA;30;231113;150000;930.0000000;932.5000000;909.0000000;932.5000000;760
GAZA;30;231113;153000;928.5000000;930.5000000;917.5000000;927.0000000;130
GAZA;30;231113;160000;926.5000000;926.5000000;918.0000000;918.0000000;20
GAZA;30;231113;163000;920.0000000;925.0000000;917.5000000;917.5000000;100
GAZA;30;231113;170000;920.0000000;920.0000000;910.5000000;910.5000000;170
GAZA;30;231113;173000;910.5000000;912.0000000;907.0000000;912.0000000;500
GAZA;30;231113;180000;912.0000000;916.0000000;906.5000000;915.0000000;290
GAZA;30;231113;183000;912.0000000;913.5000000;907.0000000;913.5000000;60
GAZA;30;231114;100000;907.0000000;907.0000000;816.0000000;829.0000000;2220
GAZA;30;231114;103000;817.5000000;829.0000000;772.0000000;820.0000000;1580
GAZA;30;231114;110000;821.0000000;846.5000000;800.0000000;826.5000000;3670
GAZA;30;231114;113000;817.0000000;848.0000000;810.0000000;841.5000000;910
GAZA;30;231114;120000;823.0000000;852.0000000;822.5000000;851.5000000;1010
GAZA;30;231114;123000;851.0000000;851.5000000;840.0000000;851.5000000;120
GAZA;30;231114;130000;850.0000000;850.0000000;825.5000000;825.5000000;190
GAZA;30;231114;133000;839.0000000;839.0000000;818.0000000;818.0000000;210
GAZA;30;231114;140000;826.5000000;826.5000000;810.5000000;817.0000000;130
GAZA;30;231114;143000;818.5000000;818.5000000;756.0000000;797.5000000;1190
GAZA;30;231114;150000;797.5000000;799.0000000;780.5000000;791.0000000;400
GAZA;30;231114;153000;791.0000000;827.5000000;782.0000000;827.5000000;760
GAZA;30;231114;160000;820.0000000;827.0000000;820.0000000;827.0000000;60
GAZA;30;231114;163000;825.0000000;833.0000000;817.5000000;833.0000000;740
GAZA;30;231114;170000;828.0000000;833.5000000;822.5000000;833.5000000;140
GAZA;30;231114;173000;833.0000000;834.5000000;816.5000000;829.0000000;320
GAZA;30;231114;180000;826.0000000;834.0000000;821.0000000;834.0000000;190
GAZA;30;231114;183000;822.5000000;836.5000000;800.0000000;809.0000000;1180
GAZA;30;231115;100000;809.0000000;809.0000000;772.5000000;807.5000000;1420
GAZA;30;231115;103000;807.0000000;827.0000000;807.0000000;821.5000000;440
GAZA;30;231115;110000;821.5000000;828.0000000;820.0000000;820.0000000;170
GAZA;30;231115;113000;820.0000000;834.5000000;819.5000000;834.5000000;60
GAZA;30;231115;120000;835.0000000;835.0000000;819.5000000;819.5000000;90
GAZA;30;231115;123000;819.5000000;836.5000000;819.0000000;835.5000000;210
GAZA;30;231115;130000;834.0000000;837.0000000;829.5000000;837.0000000;130
GAZA;30;231115;133000;836.5000000;839.0000000;829.5000000;829.5000000;170
GAZA;30;231115;140000;837.0000000;843.5000000;837.0000000;839.5000000;110
GAZA;30;231115;143000;838.5000000;860.0000000;838.5000000;860.0000000;610
GAZA;30;231115;150000;847.0000000;860.5000000;837.5000000;842.0000000;670
GAZA;30;231115;153000;850.0000000;856.0000000;842.5000000;856.0000000;110
GAZA;30;231115;160000;860.0000000;860.0000000;860.0000000;860.0000000;10
GAZA;30;231115;163000;860.0000000;880.0000000;860.0000000;867.5000000;650
GAZA;30;231115;170000;877.5000000;883.5000000;877.5000000;882.0000000;150
GAZA;30;231115;173000;880.0000000;880.0000000;866.0000000;874.0000000;790
GAZA;30;231115;180000;867.5000000;875.5000000;867.5000000;870.0000000;210
GAZA;30;231115;183000;867.5000000;867.5000000;862.5000000;862.5000000;190
GAZA;30;231116;100000;862.5000000;898.0000000;862.5000000;898.0000000;1210
GAZA;30;231116;103000;886.5000000;899.0000000;879.5000000;879.5000000;700
GAZA;30;231116;110000;878.0000000;902.0000000;878.0000000;893.5000000;370
GAZA;30;231116;113000;901.0000000;901.0000000;898.0000000;898.0000000;60
GAZA;30;231116;120000;895.0000000;895.0000000;885.0000000;885.0000000;60
GAZA;30;231116;123000;892.5000000;899.0000000;881.5000000;881.5000000;210
GAZA;30;231116;130000;883.5000000;915.0000000;883.5000000;904.5000000;960
GAZA;30;231116;133000;905.0000000;905.0000000;905.0000000;905.0000000;50
GAZA;30;231116;140000;911.0000000;911.0000000;905.0000000;905.0000000;370
GAZA;30;231116;143000;910.5000000;910.5000000;905.5000000;907.5000000;30
GAZA;30;231116;150000;907.0000000;908.5000000;904.0000000;904.0000000;220
GAZA;30;231116;153000;904.0000000;904.0000000;904.0000000;904.0000000;40
GAZA;30;231116;160000;905.0000000;905.0000000;900.5000000;900.5000000;30
GAZA;30;231116;163000;900.5000000;907.5000000;900.0000000;907.5000000;100
GAZA;30;231116;170000;908.5000000;908.5000000;908.5000000;908.5000000;30
GAZA;30;231116;173000;910.0000000;910.0000000;901.0000000;901.0000000;30
GAZA;30;231116;180000;901.0000000;901.0000000;892.0000000;896.0000000;230
GAZA;30;231116;183000;895.5000000;895.5000000;895.5000000;895.5000000;20
GAZA;30;231117;100000;896.5000000;918.0000000;896.5000000;909.0000000;600
GAZA;30;231117;103000;900.0000000;903.5000000;895.0000000;895.0000000;50
GAZA;30;231117;110000;896.0000000;920.0000000;892.0000000;920.0000000;370
GAZA;30;231117;113000;902.0000000;915.5000000;896.5000000;903.0000000;240
GAZA;30;231117;120000;903.0000000;911.5000000;902.5000000;911.5000000;40
GAZA;30;231117;123000;910.5000000;910.5000000;906.5000000;908.0000000;60
GAZA;30;231117;133000;907.5000000;907.5000000;877.5000000;877.5000000;460
GAZA;30;231117;140000;885.5000000;885.5000000;885.5000000;885.5000000;10
GAZA;30;231117;143000;884.5000000;895.0000000;883.5000000;895.0000000;170
GAZA;30;231117;150000;890.0000000;899.5000000;890.0000000;899.5000000;70
GAZA;30;231117;153000;899.0000000;905.0000000;895.5000000;905.0000000;120
GAZA;30;231117;160000;909.0000000;909.0000000;909.0000000;909.0000000;20
GAZA;30;231117;170000;901.0000000;901.0000000;901.0000000;901.0000000;10
GAZA;30;231117;173000;900.0000000;905.0000000;900.0000000;905.0000000;20
GAZA;30;231117;180000;909.0000000;909.0000000;908.5000000;908.5000000;40
GAZA;30;231120;100000;910.0000000;946.0000000;910.0000000;943.0000000;1130
GAZA;30;231120;103000;943.0000000;948.0000000;932.5000000;938.0000000;1000
GAZA;30;231120;110000;938.0000000;938.0000000;910.5000000;915.0000000;300
GAZA;30;231120;113000;920.0000000;920.0000000;919.5000000;919.5000000;30
GAZA;30;231120;120000;928.0000000;930.5000000;925.5000000;925.5000000;90
GAZA;30;231120;123000;920.5000000;920.5000000;908.0000000;911.0000000;230
GAZA;30;231120;130000;911.5000000;911.5000000;911.5000000;911.5000000;10
GAZA;30;231120;133000;911.0000000;917.5000000;910.5000000;917.5000000;30
GAZA;30;231120;140000;916.5000000;930.0000000;909.0000000;927.0000000;530
GAZA;30;231120;143000;929.5000000;945.0000000;910.0000000;910.0000000;1210
GAZA;30;231120;150000;916.0000000;916.0000000;910.5000000;910.5000000;20
GAZA;30;231120;153000;910.0000000;924.0000000;910.0000000;924.0000000;60
GAZA;30;231120;160000;913.0000000;913.0000000;909.0000000;910.0000000;250
GAZA;30;231120;163000;910.0000000;916.0000000;910.0000000;913.5000000;90
GAZA;30;231120;170000;911.0000000;912.0000000;910.0000000;912.0000000;100
GAZA;30;231120;173000;912.0000000;912.0000000;910.0000000;910.0000000;60
GAZA;30;231120;180000;910.0000000;912.5000000;910.0000000;912.5000000;20
GAZA;30;231120;183000;924.5000000;924.5000000;919.0000000;919.0000000;20
GAZA;30;231121;100000;925.5000000;925.5000000;914.5000000;923.5000000;180
GAZA;30;231121;103000;916.5000000;919.0000000;910.0000000;919.0000000;220
GAZA;30;231121;110000;917.0000000;917.0000000;911.5000000;911.5000000;20
GAZA;30;231121;113000;911.5000000;911.5000000;910.0000000;910.0000000;150
GAZA;30;231121;120000;910.0000000;910.0000000;910.0000000;910.0000000;60
GAZA;30;231121;123000;910.0000000;912.5000000;910.0000000;912.5000000;50
GAZA;30;231121;133000;910.0000000;910.0000000;909.0000000;909.0000000;110
GAZA;30;231121;140000;909.0000000;909.5000000;909.0000000;909.0000000;40
GAZA;30;231121;143000;914.5000000;918.0000000;914.5000000;918.0000000;130
GAZA;30;231121;153000;910.5000000;916.0000000;910.5000000;916.0000000;40
GAZA;30;231121;163000;914.0000000;916.0000000;909.0000000;916.0000000;240
GAZA;30;231121;170000;916.5000000;917.0000000;909.5000000;909.5000000;70
GAZA;30;231121;173000;912.5000000;916.5000000;910.5000000;916.5000000;50
GAZA;30;231121;180000;916.5000000;916.5000000;911.5000000;916.5000000;40
GAZA;30;231121;183000;911.5000000;923.5000000;911.5000000;923.5000000;170
GAZA;30;231122;100000;917.5000000;938.0000000;917.5000000;928.5000000;360
GAZA;30;231122;103000;928.5000000;933.5000000;924.5000000;933.5000000;60
GAZA;30;231122;110000;932.0000000;932.0000000;924.5000000;924.5000000;160
GAZA;30;231122;113000;928.5000000;928.5000000;925.5000000;925.5000000;30
GAZA;30;231122;120000;925.5000000;925.5000000;925.5000000;925.5000000;10
GAZA;30;231122;123000;925.0000000;925.0000000;925.0000000;925.0000000;20
GAZA;30;231122;130000;924.5000000;924.5000000;924.5000000;924.5000000;10
GAZA;30;231122;133000;928.0000000;931.0000000;924.5000000;930.5000000;110
GAZA;30;231122;140000;925.0000000;925.0000000;925.0000000;925.0000000;40
GAZA;30;231122;153000;929.0000000;929.5000000;929.0000000;929.0000000;40
GAZA;30;231122;160000;929.0000000;929.0000000;928.5000000;928.5000000;30
GAZA;30;231122;163000;925.5000000;925.5000000;925.0000000;925.0000000;30
GAZA;30;231122;170000;925.0000000;925.0000000;923.0000000;924.5000000;250
GAZA;30;231122;183000;919.5000000;919.5000000;919.5000000;919.5000000;10
GAZA;30;231123;100000;919.5000000;919.5000000;910.0000000;910.0000000;120
GAZA;30;231123;103000;914.0000000;915.0000000;906.0000000;906.0000000;100
GAZA;30;231123;110000;905.5000000;905.5000000;901.0000000;902.5000000;130
GAZA;30;231123;113000;903.0000000;903.5000000;901.5000000;903.5000000;50
GAZA;30;231123;120000;903.0000000;903.0000000;903.0000000;903.0000000;30
GAZA;30;231123;123000;903.5000000;903.5000000;903.5000000;903.5000000;40
GAZA;30;231123;130000;901.5000000;901.5000000;895.0000000;895.0000000;590
GAZA;30;231123;133000;896.5000000;896.5000000;891.0000000;891.0000000;30
GAZA;30;231123;140000;891.0000000;891.0000000;888.0000000;888.0000000;70
GAZA;30;231123;143000;890.5000000;890.5000000;890.5000000;890.5000000;10
GAZA;30;231123;150000;890.0000000;890.0000000;888.5000000;889.5000000;60
GAZA;30;231123;160000;889.5000000;889.5000000;889.5000000;889.5000000;10
GAZA;30;231123;163000;889.5000000;889.5000000;889.5000000;889.5000000;30
GAZA;30;231123;170000;890.0000000;891.0000000;890.0000000;891.0000000;40
GAZA;30;231123;173000;891.0000000;891.0000000;891.0000000;891.0000000;10
GAZA;30;231123;180000;891.0000000;891.0000000;891.0000000;891.0000000;90
GAZA;30;231124;100000;891.5000000;891.5000000;888.0000000;888.5000000;110
GAZA;30;231124;103000;888.5000000;888.5000000;888.0000000;888.0000000;180
GAZA;30;231124;110000;888.0000000;888.0000000;881.0000000;881.0000000;170
GAZA;30;231124;120000;882.0000000;882.0000000;882.0000000;882.0000000;10
GAZA;30;231124;130000;885.5000000;885.5000000;882.5000000;882.5000000;30
GAZA;30;231124;133000;882.5000000;888.0000000;882.0000000;882.5000000;40
GAZA;30;231124;140000;887.0000000;887.0000000;885.5000000;885.5000000;20
GAZA;30;231124;143000;882.0000000;883.0000000;882.0000000;883.0000000;30
GAZA;30;231124;150000;883.5000000;883.5000000;877.0000000;878.5000000;230
GAZA;30;231124;153000;877.0000000;879.5000000;863.0000000;863.0000000;230
GAZA;30;231124;160000;863.5000000;869.5000000;863.5000000;864.0000000;50
GAZA;30;231124;163000;865.0000000;865.5000000;860.0000000;865.5000000;110
GAZA;30;231124;170000;863.0000000;865.0000000;860.5000000;860.5000000;50
GAZA;30;231124;173000;860.5000000;860.5000000;860.5000000;860.5000000;10
GAZA;30;231124;180000;860.5000000;885.0000000;860.5000000;873.0000000;360
GAZA;30;231124;183000;873.0000000;873.5000000;873.0000000;873.5000000;20
GAZA;30;231127;100000;884.5000000;890.5000000;842.0000000;842.5000000;560
GAZA;30;231127;103000;842.5000000;856.0000000;842.5000000;856.0000000;110
GAZA;30;231127;110000;856.0000000;867.5000000;856.0000000;867.5000000;40
GAZA;30;231127;120000;858.5000000;858.5000000;856.0000000;856.0000000;60
GAZA;30;231127;123000;856.0000000;856.0000000;845.5000000;846.5000000;80
GAZA;30;231127;130000;845.0000000;846.0000000;843.0000000;846.0000000;40
GAZA;30;231127;133000;846.5000000;846.5000000;846.5000000;846.5000000;20
GAZA;30;231127;143000;844.5000000;844.5000000;843.0000000;843.0000000;20
GAZA;30;231127;150000;843.0000000;843.0000000;843.0000000;843.0000000;10
GAZA;30;231127;163000;842.5000000;842.5000000;840.0000000;840.0000000;190
GAZA;30;231127;170000;838.0000000;838.0000000;838.0000000;838.0000000;30
GAZA;30;231127;173000;838.5000000;838.5000000;830.0000000;832.0000000;170
GAZA;30;231127;180000;832.5000000;832.5000000;816.5000000;828.5000000;240
GAZA;30;231127;183000;826.5000000;829.0000000;826.0000000;829.0000000;180
GAZA;30;231128;100000;820.0000000;853.5000000;796.0000000;853.5000000;690
GAZA;30;231128;103000;842.0000000;854.0000000;842.0000000;844.0000000;150
GAZA;30;231128;110000;844.0000000;844.0000000;844.0000000;844.0000000;10
GAZA;30;231128;113000;844.0000000;844.0000000;844.0000000;844.0000000;50
GAZA;30;231128;120000;844.0000000;844.0000000;844.0000000;844.0000000;20
GAZA;30;231128;130000;846.0000000;846.0000000;846.0000000;846.0000000;10
GAZA;30;231128;143000;845.0000000;845.0000000;845.0000000;845.0000000;10
GAZA;30;231128;153000;846.0000000;846.0000000;840.5000000;840.5000000;50
GAZA;30;231128;160000;844.5000000;850.0000000;842.0000000;849.5000000;80
GAZA;30;231128;163000;849.5000000;849.5000000;849.5000000;849.5000000;10
GAZA;30;231128;170000;850.0000000;850.0000000;850.0000000;850.0000000;10
GAZA;30;231128;173000;845.0000000;845.0000000;840.5000000;840.5000000;110
GAZA;30;231128;180000;840.0000000;854.0000000;840.0000000;854.0000000;140
GAZA;30;231128;183000;853.0000000;853.0000000;853.0000000;853.0000000;10
GAZA;30;231129;100000;854.0000000;854.0000000;802.5000000;852.5000000;580
GAZA;30;231129;103000;839.0000000;848.5000000;839.0000000;848.5000000;150
GAZA;30;231129;110000;839.5000000;839.5000000;839.5000000;839.5000000;20
GAZA;30;231129;113000;840.0000000;847.5000000;840.0000000;847.5000000;50
GAZA;30;231129;120000;840.0000000;840.0000000;833.0000000;833.0000000;200
GAZA;30;231129;123000;837.5000000;837.5000000;833.0000000;833.0000000;120
GAZA;30;231129;133000;840.5000000;840.5000000;840.5000000;840.5000000;30
GAZA;30;231129;140000;840.5000000;840.5000000;810.5000000;818.0000000;540
GAZA;30;231129;143000;825.0000000;829.5000000;825.0000000;829.5000000;30
GAZA;30;231129;150000;821.5000000;822.0000000;805.5000000;808.5000000;340
GAZA;30;231129;153000;812.0000000;824.0000000;812.0000000;822.0000000;290
GAZA;30;231129;160000;819.0000000;824.5000000;819.0000000;819.0000000;30
GAZA;30;231129;163000;815.5000000;815.5000000;813.0000000;813.0000000;220
GAZA;30;231129;170000;815.0000000;829.0000000;815.0000000;829.0000000;410
GAZA;30;231129;173000;829.0000000;829.0000000;818.5000000;824.5000000;90
GAZA;30;231129;180000;818.0000000;823.5000000;818.0000000;818.5000000;40
GAZA;30;231129;183000;819.5000000;819.5000000;818.5000000;818.5000000;30
GAZA;30;231130;100000;816.0000000;816.0000000;800.0000000;800.0000000;390
GAZA;30;231130;103000;808.0000000;815.0000000;808.0000000;815.0000000;160
GAZA;30;231130;110000;814.0000000;826.0000000;809.5000000;809.5000000;550
GAZA;30;231130;113000;809.5000000;809.5000000;798.0000000;802.0000000;180
GAZA;30;231130;123000;802.0000000;802.5000000;790.0000000;790.0000000;320
GAZA;30;231130;130000;797.0000000;797.0000000;797.0000000;797.0000000;10
GAZA;30;231130;133000;797.0000000;806.0000000;797.0000000;806.0000000;80
GAZA;30;231130;140000;797.5000000;805.0000000;797.0000000;805.0000000;50
GAZA;30;231130;143000;806.0000000;884.0000000;806.0000000;880.0000000;1990
GAZA;30;231130;150000;880.0000000;884.5000000;841.0000000;861.0000000;990
GAZA;30;231130;153000;861.0000000;876.0000000;841.0000000;841.0000000;580
GAZA;30;231130;160000;848.5000000;848.5000000;848.5000000;848.5000000;20
GAZA;30;231130;163000;843.5000000;850.0000000;840.0000000;840.0000000;90
GAZA;30;231130;170000;839.5000000;839.5000000;835.5000000;835.5000000;40
GAZA;30;231130;173000;835.0000000;843.0000000;831.0000000;843.0000000;170
GAZA;30;231130;180000;831.5000000;831.5000000;831.0000000;831.0000000;40
GAZA;30;231130;183000;831.0000000;831.0000000;831.0000000;831.0000000;110
GAZA;30;231201;100000;835.5000000;853.0000000;834.0000000;841.0000000;290
GAZA;30;231201;103000;834.0000000;843.5000000;805.0000000;818.0000000;620
GAZA;30;231201;110000;817.5000000;817.5000000;803.0000000;803.0000000;280
GAZA;30;231201;113000;816.0000000;816.0000000;804.0000000;804.0000000;30
GAZA;30;231201;120000;810.5000000;810.5000000;810.5000000;810.5000000;10
GAZA;30;231201;123000;807.0000000;811.5000000;807.0000000;807.5000000;40
GAZA;30;231201;130000;811.5000000;811.5000000;811.5000000;811.5000000;10
GAZA;30;231201;133000;810.0000000;810.0000000;810.0000000;810.0000000;30
GAZA;30;231201;140000;812.0000000;815.0000000;812.0000000;815.0000000;20
GAZA;30;231201;143000;815.5000000;815.5000000;815.5000000;815.5000000;10
GAZA;30;231201;150000;818.5000000;818.5000000;815.5000000;815.5000000;20
GAZA;30;231201;153000;815.0000000;815.0000000;815.0000000;815.0000000;20
GAZA;30;231201;160000;815.0000000;815.0000000;815.0000000;815.0000000;10
GAZA;30;231201;163000;807.5000000;811.0000000;805.5000000;810.5000000;50
GAZA;30;231201;170000;805.5000000;808.5000000;803.5000000;808.5000000;110
GAZA;30;231201;173000;808.5000000;810.0000000;808.5000000;810.0000000;40
GAZA;30;231201;180000;805.5000000;805.5000000;776.0000000;787.0000000;1010
GAZA;30;231201;183000;794.0000000;794.0000000;791.5000000;791.5000000;150
GAZA;30;231204;100000;776.5000000;837.5000000;776.0000000;778.0000000;1980
GAZA;30;231204;103000;779.0000000;794.0000000;777.0000000;788.0000000;160
GAZA;30;231204;110000;780.5000000;784.5000000;779.5000000;782.0000000;190
GAZA;30;231204;113000;782.0000000;782.0000000;779.0000000;779.0000000;40
GAZA;30;231204;120000;777.0000000;779.0000000;777.0000000;777.5000000;110
GAZA;30;231204;123000;780.0000000;785.5000000;780.0000000;782.0000000;40
GAZA;30;231204;130000;786.0000000;786.0000000;786.0000000;786.0000000;10
GAZA;30;231204;133000;786.5000000;793.5000000;786.5000000;793.5000000;130
GAZA;30;231204;143000;793.0000000;793.0000000;793.0000000;793.0000000;60
GAZA;30;231204;153000;793.0000000;793.0000000;780.0000000;793.0000000;230
GAZA;30;231204;163000;792.5000000;792.5000000;792.5000000;792.5000000;10
GAZA;30;231204;170000;793.0000000;793.0000000;792.0000000;793.0000000;40
GAZA;30;231204;173000;793.0000000;793.0000000;779.0000000;785.5000000;140
GAZA;30;231204;180000;781.5000000;781.5000000;776.0000000;776.0000000;1490
GAZA;30;231204;183000;774.5000000;774.5000000;774.0000000;774.0000000;30
GAZA;30;231205;100000;774.0000000;787.5000000;770.5000000;787.5000000;310
GAZA;30;231205;103000;793.5000000;819.5000000;793.5000000;809.5000000;450
GAZA;30;231205;110000;800.0000000;800.0000000;777.5000000;777.5000000;150
GAZA;30;231205;113000;778.0000000;786.5000000;771.5000000;779.0000000;260
GAZA;30;231205;120000;772.5000000;772.5000000;750.0000000;751.5000000;640
GAZA;30;231205;123000;755.5000000;765.5000000;750.0000000;755.0000000;190
GAZA;30;231205;130000;755.0000000;767.5000000;750.0000000;767.5000000;140
GAZA;30;231205;133000;767.5000000;771.5000000;766.0000000;766.0000000;130
GAZA;30;231205;140000;769.0000000;769.0000000;769.0000000;769.0000000;90
GAZA;30;231205;143000;762.0000000;762.0000000;762.0000000;762.0000000;10
GAZA;30;231205;150000;764.0000000;765.0000000;757.0000000;764.5000000;160
GAZA;30;231205;153000;765.0000000;771.5000000;765.0000000;765.0000000;130
GAZA;30;231205;160000;766.0000000;766.0000000;764.5000000;765.5000000;220
GAZA;30;231205;163000;765.5000000;765.5000000;765.5000000;765.5000000;10
GAZA;30;231205;173000;760.0000000;766.0000000;751.0000000;765.5000000;330
GAZA;30;231205;180000;766.0000000;768.0000000;751.0000000;763.0000000;150
GAZA;30;231205;183000;763.0000000;763.0000000;763.0000000;763.0000000;50
GAZA;30;231206;100000;773.5000000;784.5000000;768.0000000;780.0000000;400
GAZA;30;231206;103000;778.5000000;778.5000000;762.5000000;768.5000000;180
GAZA;30;231206;110000;765.5000000;765.5000000;750.5000000;752.0000000;270
GAZA;30;231206;113000;755.0000000;756.5000000;753.0000000;755.0000000;260
GAZA;30;231206;120000;752.0000000;752.0000000;752.0000000;752.0000000;30
GAZA;30;231206;123000;752.0000000;754.5000000;752.0000000;754.5000000;30
GAZA;30;231206;130000;754.5000000;755.0000000;752.0000000;755.0000000;90
GAZA;30;231206;133000;752.0000000;752.0000000;751.5000000;751.5000000;40
GAZA;30;231206;140000;755.5000000;757.0000000;751.5000000;751.5000000;30
GAZA;30;231206;143000;750.5000000;769.5000000;742.0000000;750.0000000;460
GAZA;30;231206;150000;757.0000000;757.0000000;757.0000000;757.0000000;20
GAZA;30;231206;153000;761.5000000;761.5000000;757.5000000;757.5000000;160
GAZA;30;231206;183000;750.0000000;750.0000000;750.0000000;750.0000000;50
GAZA;30;231207;100000;741.0000000;779.5000000;741.0000000;759.5000000;560
GAZA;30;231207;103000;758.5000000;758.5000000;751.5000000;751.5000000;60
GAZA;30;231207;110000;750.5000000;750.5000000;744.5000000;745.5000000;200
GAZA;30;231207;113000;744.0000000;744.0000000;740.0000000;744.0000000;210
GAZA;30;231207;120000;741.5000000;745.0000000;741.0000000;745.0000000;40
GAZA;30;231207;123000;748.0000000;748.0000000;742.0000000;742.0000000;30
GAZA;30;231207;130000;748.0000000;748.0000000;747.5000000;747.5000000;50
GAZA;30;231207;133000;747.5000000;749.0000000;747.5000000;749.0000000;80
GAZA;30;231207;140000;754.5000000;764.0000000;754.0000000;754.0000000;210
GAZA;30;231207;150000;752.5000000;752.5000000;752.5000000;752.5000000;20
GAZA;30;231207;153000;751.0000000;751.0000000;747.5000000;747.5000000;80
GAZA;30;231207;160000;752.5000000;754.5000000;752.5000000;754.5000000;30
GAZA;30;231207;163000;754.5000000;754.5000000;754.0000000;754.0000000;60
GAZA;30;231207;170000;754.5000000;754.5000000;754.5000000;754.5000000;10
GAZA;30;231207;173000;754.5000000;755.0000000;754.5000000;755.0000000;30
GAZA;30;231208;100000;763.5000000;770.5000000;763.5000000;770.0000000;160
GAZA;30;231208;103000;768.5000000;769.0000000;760.0000000;760.0000000;260
GAZA;30;231208;110000;760.0000000;810.0000000;760.0000000;803.5000000;1900
GAZA;30;231208;113000;794.5000000;810.0000000;794.5000000;800.0000000;1150
GAZA;30;231208;120000;807.0000000;808.0000000;800.5000000;807.5000000;220
GAZA;30;231208;123000;800.5000000;803.5000000;776.0000000;776.0000000;760
GAZA;30;231208;130000;791.5000000;791.5000000;781.5000000;781.5000000;30
GAZA;30;231208;133000;781.5000000;781.5000000;781.5000000;781.5000000;10
GAZA;30;231208;140000;781.5000000;788.0000000;781.0000000;788.0000000;40
GAZA;30;231208;143000;787.5000000;788.0000000;787.5000000;788.0000000;20
GAZA;30;231208;150000;789.0000000;789.0000000;780.5000000;789.0000000;70
GAZA;30;231208;153000;780.5000000;780.5000000;780.0000000;780.0000000;20
GAZA;30;231208;170000;780.5000000;780.5000000;776.5000000;776.5000000;50
GAZA;30;231208;173000;784.5000000;784.5000000;784.5000000;784.5000000;10
GAZA;30;231208;180000;784.5000000;784.5000000;784.5000000;784.5000000;20
GAZA;30;231208;183000;785.0000000;785.0000000;785.0000000;785.0000000;70
GAZA;30;231211;100000;793.0000000;804.0000000;783.5000000;785.5000000;130
GAZA;30;231211;103000;792.0000000;793.5000000;792.0000000;793.5000000;20
GAZA;30;231211;110000;783.0000000;783.0000000;776.5000000;776.5000000;140
GAZA;30;231211;113000;777.0000000;777.0000000;763.5000000;773.0000000;130
GAZA;30;231211;120000;769.5000000;769.5000000;765.0000000;769.5000000;100
GAZA;30;231211;130000;769.0000000;769.0000000;769.0000000;769.0000000;50
GAZA;30;231211;133000;769.0000000;769.0000000;763.5000000;763.5000000;70
GAZA;30;231211;140000;771.0000000;772.0000000;763.0000000;763.0000000;30
GAZA;30;231211;143000;764.0000000;764.0000000;761.0000000;761.0000000;100
GAZA;30;231211;150000;760.5000000;763.0000000;760.0000000;763.0000000;100
GAZA;30;231211;153000;760.5000000;760.5000000;752.0000000;752.0000000;190
GAZA;30;231211;160000;753.0000000;753.0000000;753.0000000;753.0000000;30
GAZA;30;231211;163000;753.0000000;753.0000000;750.0000000;752.0000000;110
GAZA;30;231211;170000;747.0000000;770.0000000;718.0000000;736.0000000;2800
GAZA;30;231211;173000;738.0000000;743.0000000;735.0000000;743.0000000;180
GAZA;30;231211;180000;746.5000000;747.5000000;733.5000000;747.5000000;300
GAZA;30;231211;183000;747.5000000;747.5000000;747.5000000;747.5000000;20
GAZA;30;231212;100000;730.0000000;737.5000000;715.0000000;727.5000000;770
GAZA;30;231212;103000;725.0000000;725.0000000;718.0000000;719.0000000;280
GAZA;30;231212;110000;722.5000000;743.5000000;719.0000000;723.0000000;320
GAZA;30;231212;113000;723.5000000;723.5000000;722.0000000;722.0000000;50
GAZA;30;231212;123000;728.5000000;752.0000000;728.5000000;738.0000000;540
GAZA;30;231212;130000;738.0000000;760.0000000;738.0000000;742.5000000;230
GAZA;30;231212;133000;744.5000000;754.0000000;744.5000000;754.0000000;20
GAZA;30;231212;140000;741.5000000;752.5000000;737.5000000;746.5000000;340
GAZA;30;231212;160000;755.5000000;755.5000000;755.5000000;755.5000000;10
GAZA;30;231212;170000;756.0000000;756.0000000;756.0000000;756.0000000;10
GAZA;30;231212;173000;743.5000000;743.5000000;734.0000000;735.5000000;80
GAZA;30;231212;180000;744.5000000;744.5000000;744.5000000;744.5000000;20
GAZA;30;231213;100000;739.0000000;739.0000000;725.0000000;737.0000000;70
GAZA;30;231213;103000;737.5000000;752.0000000;734.5000000;738.5000000;160
GAZA;30;231213;110000;736.0000000;758.5000000;736.0000000;744.0000000;350
GAZA;30;231213;113000;743.0000000;743.0000000;722.0000000;730.5000000;260
GAZA;30;231213;120000;739.0000000;746.0000000;739.0000000;740.0000000;70
GAZA;30;231213;123000;734.5000000;753.0000000;734.0000000;753.0000000;170
GAZA;30;231213;130000;753.0000000;753.0000000;731.0000000;738.0000000;560
GAZA;30;231213;133000;740.5000000;740.5000000;740.5000000;740.5000000;10
GAZA;30;231213;140000;740.5000000;750.5000000;734.5000000;734.5000000;200
GAZA;30;231213;143000;734.5000000;734.5000000;734.5000000;734.5000000;30
GAZA;30;231213;150000;734.0000000;742.5000000;734.0000000;736.0000000;140
GAZA;30;231213;153000;737.0000000;737.0000000;737.0000000;737.0000000;10
GAZA;30;231213;160000;742.5000000;742.5000000;742.5000000;742.5000000;10
GAZA;30;231213;170000;742.5000000;742.5000000;742.5000000;742.5000000;10
GAZA;30;231213;173000;743.0000000;743.5000000;743.0000000;743.5000000;80
GAZA;30;231213;180000;743.5000000;743.5000000;737.0000000;737.0000000;50
GAZA;30;231213;183000;737.0000000;737.0000000;737.0000000;737.0000000;140
GAZA;30;231214;100000;740.5000000;753.5000000;739.5000000;739.5000000;130
GAZA;30;231214;103000;740.5000000;740.5000000;735.0000000;735.0000000;30
GAZA;30;231214;110000;747.5000000;749.0000000;735.0000000;735.0000000;220
GAZA;30;231214;113000;748.0000000;748.0000000;737.5000000;737.5000000;80
GAZA;30;231214;140000;746.5000000;746.5000000;746.5000000;746.5000000;30
GAZA;30;231214;153000;744.5000000;748.0000000;744.5000000;748.0000000;100
GAZA;30;231214;160000;748.0000000;748.0000000;748.0000000;748.0000000;10
GAZA;30;231214;163000;738.0000000;738.0000000;738.0000000;738.0000000;20
GAZA;30;231214;170000;738.0000000;748.0000000;738.0000000;748.0000000;20
GAZA;30;231214;173000;746.5000000;756.5000000;746.0000000;746.0000000;140
GAZA;30;231214;180000;747.0000000;752.5000000;746.5000000;746.5000000;40
GAZA;30;231214;183000;753.0000000;753.0000000;753.0000000;753.0000000;110
GAZA;30;231215;100000;722.0000000;736.0000000;722.0000000;734.0000000;250
GAZA;30;231215;103000;734.0000000;751.5000000;734.0000000;751.5000000;180
GAZA;30;231215;113000;744.5000000;744.5000000;744.5000000;744.5000000;20
GAZA;30;231215;120000;744.5000000;744.5000000;744.5000000;744.5000000;20
GAZA;30;231215;133000;748.5000000;753.0000000;748.0000000;748.5000000;160
GAZA;30;231215;140000;748.5000000;748.5000000;731.0000000;742.5000000;170
GAZA;30;231215;143000;745.0000000;774.0000000;745.0000000;770.5000000;890
GAZA;30;231215;150000;774.5000000;774.5000000;770.0000000;770.0000000;300
GAZA;30;231215;153000;770.0000000;772.5000000;770.0000000;772.5000000;260
GAZA;30;231215;160000;769.5000000;769.5000000;769.5000000;769.5000000;10
GAZA;30;231215;170000;770.5000000;770.5000000;770.5000000;770.5000000;10
GAZA;30;231215;180000;770.5000000;773.0000000;770.5000000;773.0000000;100
GAZA;30;231215;183000;770.0000000;770.0000000;770.0000000;770.0000000;40
GAZA;30;231218;100000;772.5000000;790.0000000;770.0000000;779.5000000;290
GAZA;30;231218;103000;779.5000000;796.0000000;779.5000000;781.5000000;170
GAZA;30;231218;110000;782.0000000;794.5000000;750.0000000;774.0000000;1240
GAZA;30;231218;113000;794.0000000;799.0000000;794.0000000;797.0000000;160
GAZA;30;231218;120000;797.0000000;797.5000000;781.0000000;789.5000000;270
GAZA;30;231218;123000;791.5000000;792.5000000;791.5000000;791.5000000;70
GAZA;30;231218;130000;794.0000000;797.5000000;781.0000000;797.5000000;470
GAZA;30;231218;133000;797.0000000;805.0000000;797.0000000;805.0000000;930
GAZA;30;231218;140000;804.0000000;809.0000000;804.0000000;809.0000000;140
GAZA;30;231218;143000;807.5000000;809.5000000;796.0000000;796.0000000;90
GAZA;30;231218;150000;808.0000000;810.0000000;798.0000000;809.5000000;190
GAZA;30;231218;153000;800.5000000;810.0000000;795.0000000;796.0000000;280
GAZA;30;231218;160000;802.0000000;808.0000000;796.5000000;808.0000000;160
GAZA;30;231218;163000;808.0000000;808.0000000;796.0000000;807.5000000;180
GAZA;30;231218;170000;807.5000000;816.0000000;796.5000000;816.0000000;550
GAZA;30;231218;173000;816.0000000;818.0000000;808.5000000;816.0000000;280
GAZA;30;231218;180000;815.5000000;818.5000000;792.5000000;818.5000000;490
GAZA;30;231218;183000;805.0000000;814.5000000;805.0000000;814.5000000;40
GAZA;30;231219;100000;820.0000000;830.0000000;819.5000000;819.5000000;830
GAZA;30;231219;103000;819.5000000;832.0000000;808.5000000;821.5000000;390
GAZA;30;231219;110000;819.0000000;819.0000000;810.0000000;810.0000000;150
GAZA;30;231219;113000;821.0000000;821.5000000;810.5000000;810.5000000;120
GAZA;30;231219;123000;810.5000000;821.0000000;810.5000000;821.0000000;70
GAZA;30;231219;130000;818.5000000;818.5000000;815.0000000;815.0000000;90
GAZA;30;231219;133000;815.0000000;817.0000000;810.0000000;817.0000000;100
GAZA;30;231219;143000;808.0000000;808.0000000;808.0000000;808.0000000;10
GAZA;30;231219;150000;803.5000000;807.5000000;803.5000000;807.5000000;20
GAZA;30;231219;153000;806.5000000;806.5000000;803.0000000;803.0000000;50
GAZA;30;231219;160000;808.0000000;808.0000000;808.0000000;808.0000000;20
GAZA;30;231219;170000;809.5000000;809.5000000;800.0000000;800.0000000;190
GAZA;30;231219;173000;800.5000000;815.0000000;783.0000000;795.0000000;510
GAZA;30;231219;180000;800.0000000;809.0000000;795.0000000;809.0000000;40
GAZA;30;231220;100000;818.5000000;818.5000000;814.5000000;818.5000000;210
GAZA;30;231220;103000;820.0000000;829.5000000;816.5000000;828.0000000;170
GAZA;30;231220;110000;829.5000000;829.5000000;816.5000000;816.5000000;30
GAZA;30;231220;113000;816.5000000;816.5000000;816.5000000;816.5000000;10
GAZA;30;231220;120000;818.0000000;818.0000000;818.0000000;818.0000000;30
GAZA;30;231220;140000;820.0000000;826.0000000;820.0000000;826.0000000;50
GAZA;30;231220;143000;825.5000000;825.5000000;825.5000000;825.5000000;10
GAZA;30;231220;150000;818.0000000;818.0000000;818.0000000;818.0000000;10
GAZA;30;231220;153000;817.5000000;817.5000000;817.5000000;817.5000000;10
GAZA;30;231220;160000;817.5000000;817.5000000;817.5000000;817.5000000;20
GAZA;30;231220;163000;818.0000000;818.0000000;817.5000000;817.5000000;30
GAZA;30;231220;170000;818.0000000;818.0000000;818.0000000;818.0000000;10
GAZA;30;231220;173000;815.0000000;815.0000000;815.0000000;815.0000000;40
GAZA;30;231220;180000;814.0000000;815.0000000;814.0000000;814.0000000;30
GAZA;30;231220;183000;814.0000000;814.0000000;814.0000000;814.0000000;40
GAZA;30;231221;100000;800.5000000;814.0000000;796.5000000;813.0000000;200
GAZA;30;231221;103000;813.5000000;813.5000000;813.5000000;813.5000000;10
GAZA;30;231221;110000;813.5000000;813.5000000;813.5000000;813.5000000;10
GAZA;30;231221;113000;804.5000000;804.5000000;790.5000000;803.5000000;620
GAZA;30;231221;120000;804.0000000;813.5000000;793.5000000;804.0000000;270
GAZA;30;231221;123000;797.5000000;804.0000000;796.5000000;804.0000000;110
GAZA;30;231221;133000;797.0000000;807.0000000;795.0000000;807.0000000;580
GAZA;30;231221;140000;797.5000000;806.5000000;797.5000000;806.5000000;20
GAZA;30;231221;143000;797.5000000;805.0000000;797.5000000;805.0000000;80
GAZA;30;231221;150000;805.0000000;805.0000000;805.0000000;805.0000000;10
GAZA;30;231221;170000;803.5000000;805.0000000;803.5000000;805.0000000;110
GAZA;30;231221;173000;805.0000000;805.0000000;805.0000000;805.0000000;10
GAZA;30;231221;180000;798.0000000;798.0000000;798.0000000;798.0000000;10
GAZA;30;231221;183000;798.0000000;798.0000000;798.0000000;798.0000000;10
GAZA;30;231222;100000;798.5000000;809.5000000;798.5000000;809.0000000;100
GAZA;30;231222;103000;808.0000000;808.0000000;808.0000000;808.0000000;10
GAZA;30;231222;110000;808.5000000;818.0000000;808.5000000;812.0000000;870
GAZA;30;231222;113000;813.0000000;813.0000000;812.0000000;812.5000000;250
GAZA;30;231222;120000;812.5000000;820.0000000;812.5000000;812.5000000;180
GAZA;30;231222;123000;812.5000000;812.5000000;812.0000000;812.0000000;120
GAZA;30;231222;130000;818.5000000;818.5000000;812.0000000;812.0000000;80
GAZA;30;231222;133000;813.0000000;813.0000000;813.0000000;813.0000000;10
GAZA;30;231222;140000;812.5000000;829.0000000;812.5000000;829.0000000;440
GAZA;30;231222;143000;818.5000000;830.0000000;776.0000000;814.5000000;1550
GAZA;30;231222;153000;814.5000000;814.5000000;814.5000000;814.5000000;20
GAZA;30;231222;160000;812.0000000;812.0000000;812.0000000;812.0000000;20
GAZA;30;231222;170000;814.5000000;814.5000000;814.5000000;814.5000000;100
GAZA;30;231222;173000;815.5000000;822.0000000;815.0000000;818.0000000;70
GAZA;30;231222;183000;815.0000000;815.0000000;815.0000000;815.0000000;10
GAZA;30;231225;100000;821.5000000;868.0000000;821.5000000;847.5000000;5110
GAZA;30;231225;103000;850.0000000;867.0000000;823.0000000;846.5000000;2660
GAZA;30;231225;110000;842.0000000;843.5000000;825.5000000;836.5000000;1060
GAZA;30;231225;113000;843.0000000;847.5000000;835.5000000;840.0000000;680
GAZA;30;231225;120000;836.0000000;836.0000000;830.0000000;833.0000000;200
GAZA;30;231225;123000;833.0000000;835.0000000;833.0000000;835.0000000;160
GAZA;30;231225;130000;830.5000000;835.0000000;828.0000000;829.5000000;110
GAZA;30;231225;133000;833.0000000;833.0000000;828.5000000;828.5000000;150
GAZA;30;231225;140000;831.0000000;845.0000000;831.0000000;843.0000000;390
GAZA;30;231225;143000;841.0000000;841.0000000;835.0000000;835.0000000;260
GAZA;30;231225;150000;833.0000000;833.0000000;828.5000000;828.5000000;450
GAZA;30;231225;153000;829.5000000;829.5000000;822.0000000;828.0000000;240
GAZA;30;231225;160000;827.0000000;827.0000000;827.0000000;827.0000000;30
GAZA;30;231225;163000;827.5000000;833.0000000;822.0000000;828.5000000;250
GAZA;30;231225;170000;830.0000000;830.0000000;830.0000000;830.0000000;10
GAZA;30;231225;173000;826.5000000;826.5000000;826.5000000;826.5000000;10
GAZA;30;231225;180000;826.5000000;829.5000000;826.0000000;829.5000000;60
GAZA;30;231225;183000;822.5000000;822.5000000;822.0000000;822.0000000;30
GAZA;30;231226;100000;821.0000000;830.0000000;819.5000000;819.5000000;170
GAZA;30;231226;103000;819.5000000;819.5000000;819.5000000;819.5000000;20
GAZA;30;231226;110000;819.0000000;819.5000000;818.0000000;818.0000000;90
GAZA;30;231226;113000;818.0000000;819.5000000;818.0000000;819.5000000;90
GAZA;30;231226;120000;818.0000000;818.0000000;818.0000000;818.0000000;140
GAZA;30;231226;123000;819.5000000;825.0000000;819.5000000;825.0000000;150
GAZA;30;231226;133000;818.5000000;819.5000000;818.5000000;819.5000000;20
GAZA;30;231226;143000;824.5000000;825.5000000;819.0000000;819.0000000;100
GAZA;30;231226;150000;819.0000000;819.0000000;819.0000000;819.0000000;20
GAZA;30;231226;160000;819.0000000;823.5000000;818.5000000;818.5000000;60
GAZA;30;231226;170000;818.5000000;820.0000000;818.5000000;818.5000000;110
GAZA;30;231226;173000;819.5000000;844.5000000;819.5000000;844.5000000;980
GAZA;30;231226;180000;830.0000000;830.0000000;828.5000000;828.5000000;80
GAZA;30;231226;183000;830.5000000;830.5000000;822.0000000;822.0000000;110
GAZA;30;231227;100000;820.5000000;828.5000000;820.5000000;828.0000000;40
GAZA;30;231227;103000;821.5000000;822.5000000;818.5000000;818.5000000;160
GAZA;30;231227;110000;818.5000000;820.0000000;814.5000000;814.5000000;190
GAZA;30;231227;113000;812.0000000;814.5000000;805.5000000;814.5000000;80
GAZA;30;231227;120000;813.5000000;814.0000000;813.5000000;814.0000000;50
GAZA;30;231227;123000;814.0000000;814.0000000;811.0000000;814.0000000;30
GAZA;30;231227;130000;810.5000000;810.5000000;809.5000000;809.5000000;20
GAZA;30;231227;133000;808.5000000;808.5000000;808.5000000;808.5000000;50
GAZA;30;231227;150000;808.5000000;820.0000000;806.0000000;820.0000000;660
GAZA;30;231227;153000;807.0000000;809.5000000;807.0000000;809.5000000;20
GAZA;30;231227;160000;810.0000000;815.0000000;810.0000000;815.0000000;20
GAZA;30;231227;163000;810.0000000;821.5000000;810.0000000;821.5000000;60
GAZA;30;231227;170000;811.5000000;821.5000000;811.5000000;821.5000000;20
GAZA;30;231227;173000;815.5000000;815.5000000;813.0000000;813.0000000;70
GAZA;30;231227;180000;812.5000000;812.5000000;812.5000000;812.5000000;40
GAZA;30;231227;183000;815.5000000;821.5000000;815.5000000;821.5000000;270
GAZA;30;231228;100000;809.0000000;828.5000000;809.0000000;824.0000000;90
GAZA;30;231228;103000;818.5000000;818.5000000;816.5000000;816.5000000;20
GAZA;30;231228;110000;816.5000000;816.5000000;815.5000000;815.5000000;20
GAZA;30;231228;113000;812.0000000;817.5000000;809.5000000;817.5000000;90
GAZA;30;231228;120000;811.0000000;811.0000000;809.0000000;809.0000000;70
GAZA;30;231228;123000;809.0000000;824.5000000;809.0000000;824.5000000;250
GAZA;30;231228;130000;820.5000000;820.5000000;820.5000000;820.5000000;10
GAZA;30;231228;133000;814.5000000;817.5000000;812.0000000;817.5000000;90
GAZA;30;231228;140000;812.0000000;819.0000000;802.0000000;819.0000000;270
GAZA;30;231228;143000;817.5000000;823.5000000;817.5000000;823.0000000;130
GAZA;30;231228;150000;823.5000000;823.5000000;817.0000000;823.5000000;40
GAZA;30;231228;153000;824.0000000;824.0000000;816.0000000;816.0000000;30
GAZA;30;231228;160000;818.5000000;818.5000000;818.5000000;818.5000000;10
GAZA;30;231228;163000;823.5000000;823.5000000;816.5000000;816.5000000;30
GAZA;30;231228;183000;816.0000000;816.0000000;815.0000000;815.0000000;20
GAZA;30;231229;100000;802.5000000;808.5000000;801.5000000;802.5000000;150
GAZA;30;231229;103000;815.5000000;815.5000000;815.5000000;815.5000000;10
GAZA;30;231229;110000;814.5000000;817.5000000;808.5000000;808.5000000;40
GAZA;30;231229;120000;815.0000000;815.0000000;815.0000000;815.0000000;10
GAZA;30;231229;130000;808.0000000;808.0000000;806.0000000;806.0000000;20
GAZA;30;231229;140000;813.0000000;814.0000000;813.0000000;814.0000000;50
GAZA;30;231229;143000;814.5000000;814.5000000;814.5000000;814.5000000;10
GAZA;30;231229;153000;810.5000000;810.5000000;810.5000000;810.5000000;10
GAZA;30;231229;160000;810.0000000;820.0000000;810.0000000;811.0000000;660
GAZA;30;231229;163000;810.5000000;810.5000000;810.0000000;810.0000000;80
GAZA;30;231229;170000;808.5000000;808.5000000;807.5000000;808.0000000;100
GAZA;30;231229;173000;807.0000000;807.0000000;807.0000000;807.0000000;230
GAZA;30;231229;180000;807.0000000;825.0000000;807.0000000;825.0000000;520
GAZA;30;231229;183000;823.5000000;825.0000000;791.0000000;819.5000000;1300
GAZA;30;240103;100000;801.0000000;821.0000000;801.0000000;820.0000000;40
GAZA;30;240103;103000;820.0000000;820.0000000;820.0000000;820.0000000;20
GAZA;30;240103;110000;807.0000000;819.0000000;804.0000000;818.0000000;180
GAZA;30;240103;113000;807.5000000;817.5000000;807.0000000;811.0000000;140
GAZA;30;240103;120000;819.5000000;819.5000000;819.0000000;819.0000000;80
GAZA;30;240103;123000;812.0000000;818.5000000;811.5000000;818.5000000;80
GAZA;30;240103;130000;820.5000000;821.0000000;820.5000000;821.0000000;100
GAZA;30;240103;133000;820.5000000;821.0000000;814.5000000;821.0000000;80
GAZA;30;240103;140000;821.0000000;821.0000000;821.0000000;821.0000000;10
GAZA;30;240103;150000;821.0000000;821.0000000;821.0000000;821.0000000;100
GAZA;30;240103;153000;820.0000000;821.0000000;820.0000000;821.0000000;100
GAZA;30;240103;163000;821.0000000;821.0000000;821.0000000;821.0000000;10
GAZA;30;240103;170000;820.0000000;820.0000000;818.0000000;818.0000000;20
GAZA;30;240103;173000;818.0000000;820.5000000;818.0000000;820.5000000;50
GAZA;30;240103;183000;822.0000000;822.0000000;822.0000000;822.0000000;250
GAZA;30;240104;100000;829.5000000;831.0000000;829.5000000;830.0000000;90
GAZA;30;240104;103000;830.0000000;837.0000000;824.5000000;824.5000000;120
GAZA;30;240104;110000;832.5000000;844.0000000;826.5000000;843.5000000;1110
GAZA;30;240104;113000;843.0000000;843.5000000;833.0000000;833.0000000;170
GAZA;30;240104;120000;842.0000000;856.5000000;839.5000000;856.5000000;840
GAZA;30;240104;123000;847.0000000;856.5000000;830.0000000;841.0000000;810
GAZA;30;240104;130000;844.0000000;845.5000000;835.5000000;844.0000000;360
GAZA;30;240104;133000;845.0000000;870.0000000;845.0000000;863.0000000;1570
GAZA;30;240104;140000;863.0000000;867.0000000;863.0000000;867.0000000;240
GAZA;30;240104;143000;867.0000000;873.0000000;867.0000000;870.0000000;890
GAZA;30;240104;150000;870.0000000;873.0000000;870.0000000;871.5000000;60
GAZA;30;240104;153000;873.0000000;873.5000000;866.5000000;873.5000000;460
GAZA;30;240104;160000;873.5000000;873.5000000;873.5000000;873.5000000;170
GAZA;30;240104;163000;873.5000000;873.5000000;863.0000000;863.0000000;400
GAZA;30;240104;170000;863.0000000;863.0000000;863.0000000;863.0000000;70
GAZA;30;240104;173000;859.5000000;862.5000000;859.0000000;862.5000000;50
GAZA;30;240104;180000;863.0000000;874.5000000;863.0000000;874.5000000;290
GAZA;30;240104;183000;874.5000000;875.0000000;874.5000000;875.0000000;50
GAZA;30;240105;100000;862.0000000;866.5000000;847.0000000;859.5000000;780
GAZA;30;240105;103000;860.0000000;867.5000000;859.5000000;861.5000000;140
GAZA;30;240105;110000;862.0000000;862.0000000;846.5000000;846.5000000;990
GAZA;30;240105;113000;848.0000000;862.0000000;848.0000000;862.0000000;700
GAZA;30;240105;120000;857.0000000;857.0000000;855.0000000;857.0000000;100
GAZA;30;240105;123000;854.0000000;857.0000000;853.0000000;857.0000000;150
GAZA;30;240105;130000;854.0000000;854.0000000;854.0000000;854.0000000;10
GAZA;30;240105;133000;854.0000000;857.0000000;854.0000000;857.0000000;110
GAZA;30;240105;143000;863.5000000;864.0000000;863.5000000;864.0000000;230
GAZA;30;240105;150000;860.5000000;865.0000000;860.5000000;865.0000000;50
GAZA;30;240105;153000;864.5000000;865.0000000;864.5000000;865.0000000;20
GAZA;30;240105;160000;862.0000000;865.0000000;862.0000000;865.0000000;120
GAZA;30;240105;170000;864.5000000;866.0000000;864.5000000;866.0000000;60
GAZA;30;240105;173000;861.0000000;958.5000000;860.5000000;935.0000000;6550
GAZA;30;240105;180000;936.0000000;984.0000000;913.5000000;915.5000000;2650
GAZA;30;240105;183000;914.0000000;924.0000000;912.0000000;912.0000000;370
GAZA;30;240108;100000;912.0000000;912.0000000;888.0000000;906.5000000;820
GAZA;30;240108;103000;906.5000000;910.0000000;896.5000000;902.5000000;380
GAZA;30;240108;110000;912.5000000;920.0000000;880.0000000;890.0000000;1070
GAZA;30;240108;113000;895.0000000;898.5000000;856.5000000;887.5000000;7400
GAZA;30;240108;120000;888.0000000;892.5000000;874.0000000;883.0000000;1570
GAZA;30;240108;123000;884.0000000;890.0000000;884.0000000;890.0000000;390
GAZA;30;240108;130000;890.0000000;890.0000000;884.5000000;890.0000000;300
GAZA;30;240108;133000;890.0000000;890.0000000;885.5000000;886.0000000;270
GAZA;30;240108;140000;888.0000000;892.0000000;888.0000000;892.0000000;210
GAZA;30;240108;143000;887.5000000;894.5000000;887.0000000;894.5000000;280
GAZA;30;240108;150000;893.0000000;894.0000000;889.0000000;889.5000000;130
GAZA;30;240108;153000;890.5000000;893.5000000;890.0000000;890.0000000;310
GAZA;30;240108;160000;890.0000000;893.0000000;890.0000000;891.0000000;760
GAZA;30;240108;163000;894.0000000;894.5000000;894.0000000;894.5000000;310
GAZA;30;240108;170000;894.0000000;898.5000000;891.5000000;898.5000000;370
GAZA;30;240108;173000;892.5000000;897.5000000;892.0000000;896.0000000;250
GAZA;30;240108;180000;895.5000000;896.0000000;888.5000000;888.5000000;770
GAZA;30;240108;183000;888.5000000;920.5000000;888.0000000;920.5000000;1430
GAZA;30;240109;100000;917.5000000;923.0000000;886.0000000;918.5000000;2090
GAZA;30;240109;103000;909.0000000;919.0000000;909.0000000;919.0000000;420
GAZA;30;240109;110000;918.0000000;918.0000000;908.5000000;908.5000000;470
GAZA;30;240109;113000;916.5000000;916.5000000;909.5000000;909.5000000;30
GAZA;30;240109;120000;909.0000000;914.5000000;909.0000000;914.5000000;50
GAZA;30;240109;123000;909.5000000;909.5000000;908.5000000;908.5000000;40
GAZA;30;240109;130000;908.5000000;913.5000000;908.5000000;913.5000000;40
GAZA;30;240109;133000;913.5000000;913.5000000;913.5000000;913.5000000;10
GAZA;30;240109;140000;914.5000000;914.5000000;914.5000000;914.5000000;20
GAZA;30;240109;143000;914.5000000;917.0000000;913.5000000;913.5000000;180
GAZA;30;240109;150000;917.0000000;917.5000000;916.0000000;916.0000000;70
GAZA;30;240109;153000;913.5000000;914.5000000;913.0000000;914.5000000;70
GAZA;30;240109;160000;910.0000000;910.0000000;908.5000000;908.5000000;70
GAZA;30;240109;163000;914.0000000;914.0000000;897.0000000;908.0000000;700
GAZA;30;240109;170000;910.0000000;910.0000000;898.5000000;907.5000000;200
GAZA;30;240109;173000;907.5000000;907.5000000;907.0000000;907.0000000;20
GAZA;30;240109;180000;906.0000000;907.0000000;905.5000000;907.0000000;30
GAZA;30;240109;183000;905.5000000;907.0000000;898.5000000;907.0000000;230
GAZA;30;240110;100000;916.5000000;917.0000000;886.5000000;900.0000000;1810
GAZA;30;240110;103000;897.5000000;907.5000000;894.5000000;903.5000000;310
GAZA;30;240110;110000;901.0000000;904.0000000;901.0000000;903.5000000;100
GAZA;30;240110;113000;898.5000000;898.5000000;895.5000000;895.5000000;180
GAZA;30;240110;120000;895.5000000;903.0000000;895.0000000;903.0000000;250
GAZA;30;240110;123000;902.5000000;905.0000000;902.5000000;905.0000000;70
GAZA;30;240110;130000;904.0000000;904.0000000;904.0000000;904.0000000;50
GAZA;30;240110;133000;904.0000000;904.0000000;900.0000000;904.0000000;120
GAZA;30;240110;140000;904.5000000;906.0000000;904.5000000;905.0000000;190
GAZA;30;240110;143000;905.0000000;905.0000000;905.0000000;905.0000000;50
GAZA;30;240110;150000;905.0000000;907.5000000;905.0000000;907.5000000;100
GAZA;30;240110;153000;907.0000000;908.0000000;907.0000000;907.0000000;110
GAZA;30;240110;160000;906.0000000;907.0000000;906.0000000;907.0000000;20
GAZA;30;240110;163000;907.0000000;907.0000000;907.0000000;907.0000000;10
GAZA;30;240110;173000;905.0000000;905.0000000;905.0000000;905.0000000;30
GAZA;30;240110;180000;904.0000000;904.0000000;904.0000000;904.0000000;10
GAZA;30;240110;183000;900.5000000;900.5000000;900.5000000;900.5000000;40
GAZA;30;240111;100000;908.5000000;908.5000000;885.0000000;892.5000000;650
GAZA;30;240111;103000;895.0000000;896.5000000;884.0000000;896.5000000;220
GAZA;30;240111;110000;889.0000000;889.0000000;885.5000000;885.5000000;120
GAZA;30;240111;113000;891.5000000;891.5000000;891.5000000;891.5000000;10
GAZA;30;240111;123000;893.0000000;893.0000000;893.0000000;893.0000000;10
GAZA;30;240111;130000;893.0000000;893.0000000;893.0000000;893.0000000;20
GAZA;30;240111;133000;895.0000000;899.0000000;895.0000000;899.0000000;130
GAZA;30;240111;140000;896.0000000;900.0000000;896.0000000;900.0000000;60
GAZA;30;240111;143000;897.5000000;900.0000000;895.5000000;900.0000000;40
GAZA;30;240111;150000;900.0000000;900.5000000;895.5000000;895.5000000;130
GAZA;30;240111;153000;895.5000000;900.0000000;895.0000000;900.0000000;40
GAZA;30;240111;160000;898.0000000;898.0000000;896.0000000;897.5000000;80
GAZA;30;240111;163000;897.5000000;900.0000000;897.5000000;897.5000000;70
GAZA;30;240111;170000;897.5000000;900.0000000;894.5000000;894.5000000;250
GAZA;30;240111;180000;898.5000000;901.0000000;898.5000000;901.0000000;400
GAZA;30;240111;183000;901.0000000;901.0000000;901.0000000;901.0000000;50
GAZA;30;240112;100000;902.0000000;920.0000000;902.0000000;919.5000000;1460
GAZA;30;240112;103000;919.5000000;919.5000000;912.0000000;912.0000000;50
GAZA;30;240112;110000;909.0000000;913.0000000;908.5000000;908.5000000;630
GAZA;30;240112;113000;910.0000000;910.0000000;910.0000000;910.0000000;20
GAZA;30;240112;120000;910.5000000;916.5000000;910.0000000;916.5000000;440
GAZA;30;240112;123000;916.0000000;918.5000000;913.5000000;914.0000000;220
GAZA;30;240112;130000;911.5000000;918.5000000;911.5000000;918.5000000;80
GAZA;30;240112;133000;918.0000000;918.5000000;912.0000000;918.5000000;210
GAZA;30;240112;140000;919.0000000;919.0000000;914.5000000;914.5000000;80
GAZA;30;240112;143000;919.0000000;947.0000000;916.0000000;934.5000000;2270
GAZA;30;240112;150000;939.0000000;946.0000000;934.0000000;937.0000000;740
GAZA;30;240112;153000;943.0000000;944.0000000;934.0000000;940.5000000;200
GAZA;30;240112;160000;940.5000000;942.0000000;925.5000000;927.5000000;560
GAZA;30;240112;163000;927.5000000;933.5000000;927.5000000;933.5000000;140
GAZA;30;240112;170000;932.0000000;937.0000000;926.0000000;937.0000000;330
GAZA;30;240112;173000;936.5000000;943.5000000;934.5000000;934.5000000;420
GAZA;30;240112;180000;933.5000000;933.5000000;920.0000000;927.5000000;640
GAZA;30;240112;183000;921.5000000;925.0000000;921.5000000;925.0000000;90
GAZA;30;240115;100000;936.0000000;943.5000000;922.0000000;928.0000000;990
GAZA;30;240115;103000;932.5000000;932.5000000;931.0000000;931.5000000;130
GAZA;30;240115;110000;926.5000000;926.5000000;926.0000000;926.0000000;70
GAZA;30;240115;113000;929.0000000;934.0000000;926.0000000;929.5000000;110
GAZA;30;240115;120000;929.0000000;939.0000000;926.5000000;926.5000000;450
GAZA;30;240115;123000;927.5000000;931.5000000;926.0000000;929.5000000;60
GAZA;30;240115;130000;930.5000000;930.5000000;930.5000000;930.5000000;30
GAZA;30;240115;133000;929.0000000;929.0000000;923.5000000;923.5000000;180
GAZA;30;240115;140000;926.0000000;927.5000000;923.0000000;926.0000000;60
GAZA;30;240115;143000;924.5000000;925.5000000;912.5000000;916.0000000;710
GAZA;30;240115;150000;912.5000000;914.0000000;908.5000000;910.0000000;330
GAZA;30;240115;153000;912.5000000;916.0000000;910.5000000;914.0000000;250
GAZA;30;240115;160000;917.0000000;917.0000000;917.0000000;917.0000000;20
GAZA;30;240115;163000;913.5000000;918.5000000;913.5000000;917.0000000;200
GAZA;30;240115;170000;915.0000000;915.0000000;914.5000000;914.5000000;60
GAZA;30;240115;173000;914.5000000;920.0000000;913.0000000;915.5000000;340
GAZA;30;240115;180000;915.0000000;915.5000000;915.0000000;915.5000000;100
GAZA;30;240115;183000;916.0000000;916.0000000;916.0000000;916.0000000;20
GAZA;30;240116;100000;920.0000000;920.0000000;913.0000000;913.0000000;90
GAZA;30;240116;103000;909.5000000;913.0000000;909.0000000;913.0000000;140
GAZA;30;240116;110000;909.5000000;912.5000000;906.5000000;911.0000000;160
GAZA;30;240116;113000;911.0000000;911.5000000;911.0000000;911.0000000;60
GAZA;30;240116;120000;910.5000000;913.0000000;909.0000000;913.0000000;250
GAZA;30;240116;123000;913.0000000;918.5000000;913.0000000;918.5000000;380
GAZA;30;240116;130000;918.5000000;920.0000000;918.5000000;920.0000000;60
GAZA;30;240116;133000;917.5000000;917.5000000;917.5000000;917.5000000;10
GAZA;30;240116;140000;917.5000000;919.5000000;909.0000000;919.0000000;500
GAZA;30;240116;143000;913.5000000;918.5000000;913.5000000;918.5000000;110
GAZA;30;240116;150000;919.0000000;919.0000000;909.0000000;909.0000000;190
GAZA;30;240116;153000;916.0000000;916.0000000;916.0000000;916.0000000;10
GAZA;30;240116;163000;912.5000000;915.5000000;910.0000000;915.5000000;90
GAZA;30;240116;170000;910.5000000;910.5000000;910.0000000;910.0000000;20
GAZA;30;240116;173000;910.5000000;910.5000000;909.5000000;909.5000000;60
GAZA;30;240116;180000;909.5000000;910.0000000;906.0000000;906.0000000;130
GAZA;30;240116;183000;910.5000000;910.5000000;910.5000000;910.5000000;110
GAZA;30;240117;100000;909.0000000;930.5000000;909.0000000;930.0000000;610
GAZA;30;240117;103000;930.0000000;930.0000000;922.0000000;926.5000000;280
GAZA;30;240117;110000;928.0000000;929.5000000;927.5000000;929.5000000;110
GAZA;30;240117;113000;930.0000000;938.0000000;930.0000000;932.0000000;300
GAZA;30;240117;120000;932.0000000;940.0000000;932.0000000;940.0000000;330
GAZA;30;240117;123000;935.0000000;939.0000000;935.0000000;939.0000000;90
GAZA;30;240117;130000;933.0000000;939.5000000;933.0000000;939.5000000;150
GAZA;30;240117;140000;935.0000000;935.5000000;933.0000000;935.0000000;360
GAZA;30;240117;143000;934.0000000;934.0000000;934.0000000;934.0000000;10
GAZA;30;240117;150000;938.5000000;938.5000000;932.5000000;932.5000000;330
GAZA;30;240117;153000;931.5000000;931.5000000;926.0000000;926.0000000;120
GAZA;30;240117;163000;924.5000000;924.5000000;924.0000000;924.0000000;40
GAZA;30;240117;170000;925.0000000;925.0000000;923.0000000;924.5000000;40
GAZA;30;240117;173000;924.5000000;924.5000000;924.5000000;924.5000000;10
GAZA;30;240117;183000;924.0000000;924.0000000;921.0000000;921.0000000;20
