<TICKER>;<PER>;<DATE>;<TIME>;<CLOSE>;<VOL>
USD000UTSTOM;15;240103;070000;90.9575;801000
USD000UTSTOM;15;240103;071500;90.935;604000
USD000UTSTOM;15;240103;073000;90.945;1157000
USD000UTSTOM;15;240103;074500;90.905;3796000
USD000UTSTOM;15;240103;080000;90.905;3083000
USD000UTSTOM;15;240103;081500;90.9025;3007000
USD000UTSTOM;15;240103;083000;91;5144000
USD000UTSTOM;15;240103;084500;90.925;1026000
USD000UTSTOM;15;240103;090000;91.05;11256000
USD000UTSTOM;15;240103;091500;90.9775;1206000
USD000UTSTOM;15;240103;093000;90.9575;1298000
USD000UTSTOM;15;240103;094500;90.975;726000
USD000UTSTOM;15;240103;100000;91.205;7868000
USD000UTSTOM;15;240103;101500;91.2075;8142000
USD000UTSTOM;15;240103;103000;91.3175;10116000
USD000UTSTOM;15;240103;104500;91.2725;7604000
USD000UTSTOM;15;240103;110000;91.2575;7130000
USD000UTSTOM;15;240103;111500;91.335;3626000
USD000UTSTOM;15;240103;113000;91.29;6312000
USD000UTSTOM;15;240103;114500;91.34;4757000
USD000UTSTOM;15;240103;120000;91.38;8540000
USD000UTSTOM;15;240103;121500;91.3925;2688000
USD000UTSTOM;15;240103;123000;91.4475;937000
USD000UTSTOM;15;240103;124500;91.425;3627000
USD000UTSTOM;15;240103;130000;91.5325;8564000
USD000UTSTOM;15;240103;131500;91.6925;6962000
USD000UTSTOM;15;240103;133000;91.7025;4360000
USD000UTSTOM;15;240103;134500;91.5775;6914000
USD000UTSTOM;15;240103;140000;91.76;4412000
USD000UTSTOM;15;240103;141500;91.61;4972000
USD000UTSTOM;15;240103;143000;91.7625;4749000
USD000UTSTOM;15;240103;144500;91.7;4127000
USD000UTSTOM;15;240103;150000;91.78;3700000
USD000UTSTOM;15;240103;151500;91.7175;805000
USD000UTSTOM;15;240103;153000;91.91;6996000
USD000UTSTOM;15;240103;154500;91.8975;4381000
USD000UTSTOM;15;240103;160000;91.8225;761000
USD000UTSTOM;15;240103;161500;91.73;1236000
USD000UTSTOM;15;240103;163000;91.6525;903000
USD000UTSTOM;15;240103;164500;91.74;594000
USD000UTSTOM;15;240103;170000;91.71;728000
USD000UTSTOM;15;240103;171500;91.69;3023000
USD000UTSTOM;15;240103;173000;91.735;1176000
USD000UTSTOM;15;240103;174500;91.7325;208000
USD000UTSTOM;15;240103;180000;91.7125;1997000
USD000UTSTOM;15;240103;181500;91.8325;673000
USD000UTSTOM;15;240103;183000;91.835;1472000
USD000UTSTOM;15;240103;184500;92;1335000
USD000UTSTOM;15;240104;070000;91.8625;409000
USD000UTSTOM;15;240104;071500;91.91;613000
USD000UTSTOM;15;240104;073000;92;158000
USD000UTSTOM;15;240104;074500;92.05;333000
USD000UTSTOM;15;240104;080000;92.2275;1772000
USD000UTSTOM;15;240104;081500;92.2825;28000
USD000UTSTOM;15;240104;083000;92.33;2587000
USD000UTSTOM;15;240104;084500;92.1575;2691000
USD000UTSTOM;15;240104;090000;92.1575;3665000
USD000UTSTOM;15;240104;091500;91.945;5225000
USD000UTSTOM;15;240104;093000;91.72;1416000
USD000UTSTOM;15;240104;094500;91.9025;2304000
USD000UTSTOM;15;240104;100000;91.5325;5654000
USD000UTSTOM;15;240104;101500;91.5675;7315000
USD000UTSTOM;15;240104;103000;91.33;8656000
USD000UTSTOM;15;240104;104500;91.2225;13099000
USD000UTSTOM;15;240104;110000;91.2575;5119000
USD000UTSTOM;15;240104;111500;91.2525;9126000
USD000UTSTOM;15;240104;113000;91.1975;3928000
USD000UTSTOM;15;240104;114500;91.43;7078000
USD000UTSTOM;15;240104;120000;91.52;2830000
USD000UTSTOM;15;240104;121500;91.3325;4431000
USD000UTSTOM;15;240104;123000;91.285;4301000
USD000UTSTOM;15;240104;124500;91.1625;7193000
USD000UTSTOM;15;240104;130000;91.4025;11380000
USD000UTSTOM;15;240104;131500;91.2925;3006000
USD000UTSTOM;15;240104;133000;91.3575;3108000
USD000UTSTOM;15;240104;134500;91.46;873000
USD000UTSTOM;15;240104;140000;91.49;1207000
USD000UTSTOM;15;240104;141500;91.56;4472000
USD000UTSTOM;15;240104;143000;91.55;1014000
USD000UTSTOM;15;240104;144500;91.5875;1367000
USD000UTSTOM;15;240104;150000;91.5;3469000
USD000UTSTOM;15;240104;151500;91.555;808000
USD000UTSTOM;15;240104;153000;91.54;218000
USD000UTSTOM;15;240104;154500;91.4225;1344000
USD000UTSTOM;15;240104;160000;91.495;4459000
USD000UTSTOM;15;240104;161500;91.2725;2198000
USD000UTSTOM;15;240104;163000;91.3225;1442000
USD000UTSTOM;15;240104;164500;91.3175;393000
USD000UTSTOM;15;240104;170000;91.3325;1916000
USD000UTSTOM;15;240104;171500;91.43;702000
USD000UTSTOM;15;240104;173000;91.605;1421000
USD000UTSTOM;15;240104;174500;91.41;592000
USD000UTSTOM;15;240104;180000;91.485;1075000
USD000UTSTOM;15;240104;181500;91.35;496000
USD000UTSTOM;15;240104;183000;91.305;2046000
USD000UTSTOM;15;240104;184500;91.3325;1907000
USD000UTSTOM;15;240105;071500;91.4575;18000
USD000UTSTOM;15;240105;074500;91.35;34000
USD000UTSTOM;15;240105;080000;91.55;129000
USD000UTSTOM;15;240105;081500;91.53;328000
USD000UTSTOM;15;240105;084500;91.5;461000
USD000UTSTOM;15;240105;090000;91.4975;2766000
USD000UTSTOM;15;240105;091500;91.465;2410000
USD000UTSTOM;15;240105;093000;91.65;1980000
USD000UTSTOM;15;240105;094500;91.6825;2065000
USD000UTSTOM;15;240105;100000;91.3825;5079000
USD000UTSTOM;15;240105;101500;91.305;1577000
USD000UTSTOM;15;240105;103000;91.21;8390000
USD000UTSTOM;15;240105;104500;91.24;2511000
USD000UTSTOM;15;240105;110000;91.035;4903000
USD000UTSTOM;15;240105;111500;91.055;3837000
USD000UTSTOM;15;240105;113000;91.1375;5305000
USD000UTSTOM;15;240105;114500;91.2;12930000
USD000UTSTOM;15;240105;120000;91.0325;9478000
USD000UTSTOM;15;240105;121500;91.07;5147000
USD000UTSTOM;15;240105;123000;91.1;5082000
USD000UTSTOM;15;240105;124500;91.0775;4223000
USD000UTSTOM;15;240105;130000;91.09;7389000
USD000UTSTOM;15;240105;131500;91.0375;6263000
USD000UTSTOM;15;240105;133000;91.04;1974000
USD000UTSTOM;15;240105;134500;91;3210000
USD000UTSTOM;15;240105;140000;90.92;847000
USD000UTSTOM;15;240105;141500;91.06;1787000
USD000UTSTOM;15;240105;143000;91.08;932000
USD000UTSTOM;15;240105;144500;91.01;594000
USD000UTSTOM;15;240105;150000;91.0025;392000
USD000UTSTOM;15;240105;151500;91.0625;1952000
USD000UTSTOM;15;240105;153000;91.1525;1000000
USD000UTSTOM;15;240105;154500;91.08;673000
USD000UTSTOM;15;240105;160000;91.1475;304000
USD000UTSTOM;15;240105;161500;91.09;590000
USD000UTSTOM;15;240105;163000;91.105;1356000
USD000UTSTOM;15;240105;164500;91.0325;529000
USD000UTSTOM;15;240105;170000;91.135;1096000
USD000UTSTOM;15;240105;171500;91.09;2226000
USD000UTSTOM;15;240105;173000;91.09;2489000
USD000UTSTOM;15;240105;174500;91.005;926000
USD000UTSTOM;15;240105;180000;90.81;3020000
USD000UTSTOM;15;240105;181500;90.8825;994000
USD000UTSTOM;15;240105;183000;90.855;671000
USD000UTSTOM;15;240105;184500;90.95;588000
USD000UTSTOM;15;240108;070000;91.2375;14897000
USD000UTSTOM;15;240108;071500;91.305;30000
USD000UTSTOM;15;240108;073000;91.3575;482000
USD000UTSTOM;15;240108;074500;91.35;126000
USD000UTSTOM;15;240108;080000;91.3325;531000
USD000UTSTOM;15;240108;081500;91.3075;271000
USD000UTSTOM;15;240108;083000;91.2525;2086000
USD000UTSTOM;15;240108;084500;91.27;1551000
USD000UTSTOM;15;240108;090000;91.125;1930000
USD000UTSTOM;15;240108;091500;91.14;273000
USD000UTSTOM;15;240108;093000;91.0925;1729000
USD000UTSTOM;15;240108;094500;91.0975;2417000
USD000UTSTOM;15;240108;100000;91.1975;11390000
USD000UTSTOM;15;240108;101500;91.0325;7241000
USD000UTSTOM;15;240108;103000;91.055;6632000
USD000UTSTOM;15;240108;104500;91.095;7951000
USD000UTSTOM;15;240108;110000;91.08;12411000
USD000UTSTOM;15;240108;111500;91.1;7478000
USD000UTSTOM;15;240108;113000;90.9725;13292000
USD000UTSTOM;15;240108;114500;90.9275;7552000
USD000UTSTOM;15;240108;120000;90.66;10777000
USD000UTSTOM;15;240108;121500;90.535;6538000
USD000UTSTOM;15;240108;123000;90.7575;9663000
USD000UTSTOM;15;240108;124500;90.72;3730000
USD000UTSTOM;15;240108;130000;90.61;4351000
USD000UTSTOM;15;240108;131500;90.635;4608000
USD000UTSTOM;15;240108;133000;90.63;4642000
USD000UTSTOM;15;240108;134500;90.785;3103000
USD000UTSTOM;15;240108;140000;90.8675;5449000
USD000UTSTOM;15;240108;141500;90.9875;3688000
USD000UTSTOM;15;240108;143000;91.0175;2253000
USD000UTSTOM;15;240108;144500;91.2925;4613000
USD000UTSTOM;15;240108;150000;91.3825;5702000
USD000UTSTOM;15;240108;151500;91.275;4297000
USD000UTSTOM;15;240108;153000;91.4575;3073000
USD000UTSTOM;15;240108;154500;91.435;1114000
USD000UTSTOM;15;240108;160000;91.4925;856000
USD000UTSTOM;15;240108;161500;91.54;3094000
USD000UTSTOM;15;240108;163000;91.5475;1683000
USD000UTSTOM;15;240108;164500;91.5275;455000
USD000UTSTOM;15;240108;170000;91.365;1512000
USD000UTSTOM;15;240108;171500;91.4225;766000
USD000UTSTOM;15;240108;173000;91.405;262000
USD000UTSTOM;15;240108;174500;91.3825;292000
USD000UTSTOM;15;240108;180000;91.185;978000
USD000UTSTOM;15;240108;181500;91.3375;603000
USD000UTSTOM;15;240108;183000;91.33;666000
USD000UTSTOM;15;240108;184500;91.1525;1100000
USD000UTSTOM;15;240109;070000;91.185;3488000
USD000UTSTOM;15;240109;071500;91.415;1979000
USD000UTSTOM;15;240109;073000;91.4075;1751000
USD000UTSTOM;15;240109;074500;91.3925;715000
USD000UTSTOM;15;240109;080000;91.3;4504000
USD000UTSTOM;15;240109;081500;91.245;6206000
USD000UTSTOM;15;240109;083000;91.115;7425000
USD000UTSTOM;15;240109;084500;91.14;5117000
USD000UTSTOM;15;240109;090000;91.1225;18223000
USD000UTSTOM;15;240109;091500;91.1125;11233000
USD000UTSTOM;15;240109;093000;91.05;4344000
USD000UTSTOM;15;240109;094500;91.0875;16823000
USD000UTSTOM;15;240109;100000;90.8875;38710000
USD000UTSTOM;15;240109;101500;90.665;77212000
USD000UTSTOM;15;240109;103000;90.7275;31566000
USD000UTSTOM;15;240109;104500;90.6675;46794000
USD000UTSTOM;15;240109;110000;90.575;39865000
USD000UTSTOM;15;240109;111500;90.6975;30164000
USD000UTSTOM;15;240109;113000;90.67;21021000
USD000UTSTOM;15;240109;114500;90.6625;22681000
USD000UTSTOM;15;240109;120000;90.7225;36413000
USD000UTSTOM;15;240109;121500;90.5;59909000
USD000UTSTOM;15;240109;123000;90.4125;58240000
USD000UTSTOM;15;240109;124500;90.2925;31979000
USD000UTSTOM;15;240109;130000;90.2975;18628000
USD000UTSTOM;15;240109;131500;90.165;25752000
USD000UTSTOM;15;240109;133000;89.8625;36220000
USD000UTSTOM;15;240109;134500;89.93;23410000
USD000UTSTOM;15;240109;140000;90.005;32484000
USD000UTSTOM;15;240109;141500;89.925;27005000
USD000UTSTOM;15;240109;143000;89.85;34397000
USD000UTSTOM;15;240109;144500;89.8425;10771000
USD000UTSTOM;15;240109;150000;89.785;23935000
USD000UTSTOM;15;240109;151500;89.66;31888000
USD000UTSTOM;15;240109;153000;89.7375;20546000
USD000UTSTOM;15;240109;154500;89.655;24306000
USD000UTSTOM;15;240109;160000;89.605;12409000
USD000UTSTOM;15;240109;161500;89.42;45578000
USD000UTSTOM;15;240109;163000;89.1225;36766000
USD000UTSTOM;15;240109;164500;89.64;31976000
USD000UTSTOM;15;240109;170000;89.6025;26681000
USD000UTSTOM;15;240109;171500;89.45;9636000
USD000UTSTOM;15;240109;173000;89.5225;9297000
USD000UTSTOM;15;240109;174500;89.4025;9125000
USD000UTSTOM;15;240109;180000;89.4825;6285000
USD000UTSTOM;15;240109;181500;89.685;10939000
USD000UTSTOM;15;240109;183000;89.83;11900000
USD000UTSTOM;15;240109;184500;89.8975;5514000
USD000UTSTOM;15;240110;070000;89.85;1177000
USD000UTSTOM;15;240110;071500;90;4328000
USD000UTSTOM;15;240110;073000;89.9175;801000
USD000UTSTOM;15;240110;074500;89.87;13000
USD000UTSTOM;15;240110;080000;89.85;7073000
USD000UTSTOM;15;240110;081500;89.8375;924000
USD000UTSTOM;15;240110;083000;89.78;800000
USD000UTSTOM;15;240110;084500;89.73;875000
USD000UTSTOM;15;240110;090000;89.625;6403000
USD000UTSTOM;15;240110;091500;89.685;4346000
USD000UTSTOM;15;240110;093000;89.545;3911000
USD000UTSTOM;15;240110;094500;89.51;16923000
USD000UTSTOM;15;240110;100000;89.64;48556000
USD000UTSTOM;15;240110;101500;89.5625;17407000
USD000UTSTOM;15;240110;103000;89.55;30057000
USD000UTSTOM;15;240110;104500;89.53;13230000
USD000UTSTOM;15;240110;110000;89.435;32443000
USD000UTSTOM;15;240110;111500;89.3225;21373000
USD000UTSTOM;15;240110;113000;89.3925;26602000
USD000UTSTOM;15;240110;114500;89.27;35823000
USD000UTSTOM;15;240110;120000;89.54;58063000
USD000UTSTOM;15;240110;121500;89.5125;46843000
USD000UTSTOM;15;240110;123000;89.4625;37399000
USD000UTSTOM;15;240110;124500;89.45;17699000
USD000UTSTOM;15;240110;130000;89.385;26301000
USD000UTSTOM;15;240110;131500;89.38;16388000
USD000UTSTOM;15;240110;133000;89.2925;72707000
USD000UTSTOM;15;240110;134500;89.3;24362000
USD000UTSTOM;15;240110;140000;89.325;23225000
USD000UTSTOM;15;240110;141500;89.3575;18979000
USD000UTSTOM;15;240110;143000;89.305;27942000
USD000UTSTOM;15;240110;144500;89.2925;20820000
USD000UTSTOM;15;240110;150000;89.045;35287000
USD000UTSTOM;15;240110;151500;89.14;29215000
USD000UTSTOM;15;240110;153000;89.3175;14362000
USD000UTSTOM;15;240110;154500;89.365;9287000
USD000UTSTOM;15;240110;160000;89.3925;30897000
USD000UTSTOM;15;240110;161500;89.515;11623000
USD000UTSTOM;15;240110;163000;89.495;13627000
USD000UTSTOM;15;240110;164500;89.4;22445000
USD000UTSTOM;15;240110;170000;89.4725;10776000
USD000UTSTOM;15;240110;171500;89.52;4498000
USD000UTSTOM;15;240110;173000;89.5125;10200000
USD000UTSTOM;15;240110;174500;89.4;12091000
USD000UTSTOM;15;240110;180000;89.4875;4875000
USD000UTSTOM;15;240110;181500;89.43;4584000
USD000UTSTOM;15;240110;183000;89.3725;6531000
USD000UTSTOM;15;240110;184500;89.33;4131000
USD000UTSTOM;15;240111;070000;89.2475;4524000
USD000UTSTOM;15;240111;071500;89.385;3400000
USD000UTSTOM;15;240111;073000;89.3275;1073000
USD000UTSTOM;15;240111;074500;89.3425;1447000
USD000UTSTOM;15;240111;080000;89.3;4751000
USD000UTSTOM;15;240111;081500;89.3125;4719000
USD000UTSTOM;15;240111;083000;89.31;1614000
USD000UTSTOM;15;240111;084500;89.3625;4994000
USD000UTSTOM;15;240111;090000;89.295;10556000
USD000UTSTOM;15;240111;091500;89.22;12165000
USD000UTSTOM;15;240111;093000;89.0275;26594000
USD000UTSTOM;15;240111;094500;88.7825;23916000
USD000UTSTOM;15;240111;100000;88.665;41800000
USD000UTSTOM;15;240111;101500;88.76;65974000
USD000UTSTOM;15;240111;103000;88.6875;56623000
USD000UTSTOM;15;240111;104500;88.79;21478000
USD000UTSTOM;15;240111;110000;88.665;49784000
USD000UTSTOM;15;240111;111500;88.8075;32864000
USD000UTSTOM;15;240111;113000;88.8925;22893000
USD000UTSTOM;15;240111;114500;88.765;28117000
USD000UTSTOM;15;240111;120000;88.8325;43952000
USD000UTSTOM;15;240111;121500;88.8475;70614000
USD000UTSTOM;15;240111;123000;88.8125;20488000
USD000UTSTOM;15;240111;124500;88.825;28799000
USD000UTSTOM;15;240111;130000;88.8075;23173000
USD000UTSTOM;15;240111;131500;88.835;24697000
USD000UTSTOM;15;240111;133000;88.85;27806000
USD000UTSTOM;15;240111;134500;88.8125;13375000
USD000UTSTOM;15;240111;140000;88.785;14802000
USD000UTSTOM;15;240111;141500;88.7625;12842000
USD000UTSTOM;15;240111;143000;88.8025;10249000
USD000UTSTOM;15;240111;144500;88.7925;13673000
USD000UTSTOM;15;240111;150000;88.815;18047000
USD000UTSTOM;15;240111;151500;88.84;12856000
USD000UTSTOM;15;240111;153000;88.7425;12026000
USD000UTSTOM;15;240111;154500;88.795;43144000
USD000UTSTOM;15;240111;160000;88.8;16759000
USD000UTSTOM;15;240111;161500;88.82;16935000
USD000UTSTOM;15;240111;163000;88.8975;28208000
USD000UTSTOM;15;240111;164500;88.8875;17211000
USD000UTSTOM;15;240111;170000;88.65;16951000
USD000UTSTOM;15;240111;171500;88.7375;26044000
USD000UTSTOM;15;240111;173000;88.6675;10241000
USD000UTSTOM;15;240111;174500;88.75;23169000
USD000UTSTOM;15;240111;180000;88.6925;21888000
USD000UTSTOM;15;240111;181500;88.52;27030000
USD000UTSTOM;15;240111;183000;88.5275;7394000
USD000UTSTOM;15;240111;184500;88.59;4561000
USD000UTSTOM;15;240112;070000;88.355;4975000
USD000UTSTOM;15;240112;071500;88.3825;1449000
USD000UTSTOM;15;240112;073000;88.4025;3353000
USD000UTSTOM;15;240112;074500;88.51;8063000
USD000UTSTOM;15;240112;080000;88.53;3506000
USD000UTSTOM;15;240112;081500;88.4025;2792000
USD000UTSTOM;15;240112;083000;88.4375;1723000
USD000UTSTOM;15;240112;084500;88.44;1517000
USD000UTSTOM;15;240112;090000;88.4075;9695000
USD000UTSTOM;15;240112;091500;88.465;7361000
USD000UTSTOM;15;240112;093000;88.3975;6354000
USD000UTSTOM;15;240112;094500;88.1825;22824000
USD000UTSTOM;15;240112;100000;88.22;69447000
USD000UTSTOM;15;240112;101500;88.105;67005000
USD000UTSTOM;15;240112;103000;88.165;53939000
USD000UTSTOM;15;240112;104500;88.155;56996000
USD000UTSTOM;15;240112;110000;88.125;30094000
USD000UTSTOM;15;240112;111500;88.1025;58283000
USD000UTSTOM;15;240112;113000;87.99;65125000
USD000UTSTOM;15;240112;114500;88.075;55289000
USD000UTSTOM;15;240112;120000;88.1125;28074000
USD000UTSTOM;15;240112;121500;88.0325;40429000
USD000UTSTOM;15;240112;123000;88.0425;24418000
USD000UTSTOM;15;240112;124500;88.17;37596000
USD000UTSTOM;15;240112;130000;88.195;34502000
USD000UTSTOM;15;240112;131500;88.105;42496000
USD000UTSTOM;15;240112;133000;88.165;12711000
USD000UTSTOM;15;240112;134500;88.18;26230000
USD000UTSTOM;15;240112;140000;88.185;36209000
USD000UTSTOM;15;240112;141500;88.1475;22214000
USD000UTSTOM;15;240112;143000;88.1475;27034000
USD000UTSTOM;15;240112;144500;88.1225;17139000
USD000UTSTOM;15;240112;150000;88.145;6248000
USD000UTSTOM;15;240112;151500;88.18;27402000
USD000UTSTOM;15;240112;153000;88.1975;16157000
USD000UTSTOM;15;240112;154500;88.4025;41323000
USD000UTSTOM;15;240112;160000;88.425;37021000
USD000UTSTOM;15;240112;161500;88.465;20079000
USD000UTSTOM;15;240112;163000;88.3925;40085000
USD000UTSTOM;15;240112;164500;88.3375;21341000
USD000UTSTOM;15;240112;170000;88.21;11893000
USD000UTSTOM;15;240112;171500;88.1975;12545000
USD000UTSTOM;15;240112;173000;88.19;8599000
USD000UTSTOM;15;240112;174500;88.365;18716000
USD000UTSTOM;15;240112;180000;88.405;10225000
USD000UTSTOM;15;240112;181500;88.32;4328000
USD000UTSTOM;15;240112;183000;88.29;4866000
USD000UTSTOM;15;240112;184500;88.41;11272000
USD000UTSTOM;15;240115;070000;88.25;6927000
USD000UTSTOM;15;240115;071500;88.23;1038000
USD000UTSTOM;15;240115;073000;88.24;2611000
USD000UTSTOM;15;240115;074500;88.255;2169000
USD000UTSTOM;15;240115;080000;88.2775;10156000
USD000UTSTOM;15;240115;081500;88.18;10837000
USD000UTSTOM;15;240115;083000;88.205;8726000
USD000UTSTOM;15;240115;084500;88.16;10595000
USD000UTSTOM;15;240115;090000;87.945;21485000
USD000UTSTOM;15;240115;091500;87.79;21996000
USD000UTSTOM;15;240115;093000;87.87;17160000
USD000UTSTOM;15;240115;094500;87.77;13915000
USD000UTSTOM;15;240115;100000;87.965;51003000
USD000UTSTOM;15;240115;101500;87.925;25170000
USD000UTSTOM;15;240115;103000;87.86;42824000
USD000UTSTOM;15;240115;104500;87.76;44895000
USD000UTSTOM;15;240115;110000;87.765;24178000
USD000UTSTOM;15;240115;111500;87.85;30150000
USD000UTSTOM;15;240115;113000;87.825;33943000
USD000UTSTOM;15;240115;114500;87.8025;41430000
USD000UTSTOM;15;240115;120000;87.78;47865000
USD000UTSTOM;15;240115;121500;87.705;51947000
USD000UTSTOM;15;240115;123000;87.6825;65138000
USD000UTSTOM;15;240115;124500;87.595;41868000
USD000UTSTOM;15;240115;130000;87.605;26635000
USD000UTSTOM;15;240115;131500;87.5125;56557000
USD000UTSTOM;15;240115;133000;87.5475;34821000
USD000UTSTOM;15;240115;134500;87.485;40888000
USD000UTSTOM;15;240115;140000;87.4225;32742000
USD000UTSTOM;15;240115;141500;87.4375;31435000
USD000UTSTOM;15;240115;143000;87.575;45978000
USD000UTSTOM;15;240115;144500;87.5625;34739000
USD000UTSTOM;15;240115;150000;87.59;46805000
USD000UTSTOM;15;240115;151500;87.57;14746000
USD000UTSTOM;15;240115;153000;87.8875;30213000
USD000UTSTOM;15;240115;154500;87.9275;26094000
USD000UTSTOM;15;240115;160000;87.7975;12214000
USD000UTSTOM;15;240115;161500;87.7125;12290000
USD000UTSTOM;15;240115;163000;87.6875;36550000
USD000UTSTOM;15;240115;164500;87.6725;8350000
USD000UTSTOM;15;240115;170000;87.6475;11480000
USD000UTSTOM;15;240115;171500;87.7;10248000
USD000UTSTOM;15;240115;173000;87.79;7729000
USD000UTSTOM;15;240115;174500;87.75;7538000
USD000UTSTOM;15;240115;180000;87.7175;7723000
USD000UTSTOM;15;240115;181500;87.66;2643000
USD000UTSTOM;15;240115;183000;87.6525;7789000
USD000UTSTOM;15;240115;184500;87.6;6590000
USD000UTSTOM;15;240116;070000;87.665;5488000
USD000UTSTOM;15;240116;071500;87.735;1914000
USD000UTSTOM;15;240116;073000;87.815;4702000
USD000UTSTOM;15;240116;074500;87.7475;2148000
USD000UTSTOM;15;240116;080000;87.845;9043000
USD000UTSTOM;15;240116;081500;87.7375;1747000
USD000UTSTOM;15;240116;083000;87.7925;5359000
USD000UTSTOM;15;240116;084500;87.705;5916000
USD000UTSTOM;15;240116;090000;87.7325;9278000
USD000UTSTOM;15;240116;091500;87.7425;3335000
USD000UTSTOM;15;240116;093000;87.655;10780000
USD000UTSTOM;15;240116;094500;87.7;7297000
USD000UTSTOM;15;240116;100000;87.5975;45835000
USD000UTSTOM;15;240116;101500;87.595;34440000
USD000UTSTOM;15;240116;103000;87.59;37087000
USD000UTSTOM;15;240116;104500;87.6;44768000
USD000UTSTOM;15;240116;110000;87.445;53361000
USD000UTSTOM;15;240116;111500;87.4775;58341000
USD000UTSTOM;15;240116;113000;87.5975;30859000
USD000UTSTOM;15;240116;114500;87.72;24181000
USD000UTSTOM;15;240116;120000;87.87;47731000
USD000UTSTOM;15;240116;121500;87.7;28669000
USD000UTSTOM;15;240116;123000;87.7225;30414000
USD000UTSTOM;15;240116;124500;87.6325;14472000
USD000UTSTOM;15;240116;130000;87.5875;12179000
USD000UTSTOM;15;240116;131500;87.65;14564000
USD000UTSTOM;15;240116;133000;87.7325;8802000
USD000UTSTOM;15;240116;134500;87.84;25348000
USD000UTSTOM;15;240116;140000;87.8925;7550000
USD000UTSTOM;15;240116;141500;87.795;17805000
USD000UTSTOM;15;240116;143000;87.78;23638000
USD000UTSTOM;15;240116;144500;87.8875;10999000
USD000UTSTOM;15;240116;150000;87.87;13186000
USD000UTSTOM;15;240116;151500;87.9;27636000
USD000UTSTOM;15;240116;153000;87.8825;20585000
USD000UTSTOM;15;240116;154500;87.8425;14016000
USD000UTSTOM;15;240116;160000;87.8975;15345000
USD000UTSTOM;15;240116;161500;87.815;9226000
USD000UTSTOM;15;240116;163000;87.735;13052000
USD000UTSTOM;15;240116;164500;87.8975;19742000
USD000UTSTOM;15;240116;170000;88.15;221786000
USD000UTSTOM;15;240116;171500;87.9925;34330000
USD000UTSTOM;15;240116;173000;87.8;49102000
USD000UTSTOM;15;240116;174500;87.72;47373000
USD000UTSTOM;15;240116;180000;87.82;34413000
USD000UTSTOM;15;240116;181500;87.8175;11599000
USD000UTSTOM;15;240116;183000;87.7375;3747000
USD000UTSTOM;15;240116;184500;87.8525;2851000
USD000UTSTOM;15;240117;070000;88.04;1002000
USD000UTSTOM;15;240117;071500;88.07;627000
USD000UTSTOM;15;240117;073000;88.11;4477000
USD000UTSTOM;15;240117;074500;88.1075;2056000
USD000UTSTOM;15;240117;080000;88.0675;3452000
USD000UTSTOM;15;240117;081500;88.01;3108000
USD000UTSTOM;15;240117;083000;87.9775;4063000
USD000UTSTOM;15;240117;084500;88.0525;2341000
USD000UTSTOM;15;240117;090000;88.0275;10951000
USD000UTSTOM;15;240117;091500;88.0825;10762000
USD000UTSTOM;15;240117;093000;88.06;8207000
USD000UTSTOM;15;240117;094500;88.005;25163000
USD000UTSTOM;15;240117;100000;88.2275;54456000
USD000UTSTOM;15;240117;101500;88.225;27232000
USD000UTSTOM;15;240117;103000;88.2875;48514000
USD000UTSTOM;15;240117;104500;88.4375;50500000
USD000UTSTOM;15;240117;110000;88.525;50403000
USD000UTSTOM;15;240117;111500;88.445;36010000
USD000UTSTOM;15;240117;113000;88.32;39680000
USD000UTSTOM;15;240117;114500;88.205;47613000
USD000UTSTOM;15;240117;120000;88.1175;49755000
USD000UTSTOM;15;240117;121500;88.26;40400000
USD000UTSTOM;15;240117;123000;88.32;30949000
USD000UTSTOM;15;240117;124500;88.345;17525000
USD000UTSTOM;15;240117;130000;88.33;19551000
USD000UTSTOM;15;240117;131500;88.34;33832000
USD000UTSTOM;15;240117;133000;88.4375;22787000
USD000UTSTOM;15;240117;134500;88.44;17279000
USD000UTSTOM;15;240117;140000;88.6025;38391000
USD000UTSTOM;15;240117;141500;88.42;27524000
USD000UTSTOM;15;240117;143000;88.4775;18703000
USD000UTSTOM;15;240117;144500;88.555;16341000
USD000UTSTOM;15;240117;150000;88.4725;19336000
USD000UTSTOM;15;240117;151500;88.4325;18561000
USD000UTSTOM;15;240117;153000;88.355;43093000
USD000UTSTOM;15;240117;154500;88.4;15357000
USD000UTSTOM;15;240117;160000;88.4225;19156000
USD000UTSTOM;15;240117;161500;88.64;18433000
USD000UTSTOM;15;240117;163000;88.55;18436000
USD000UTSTOM;15;240117;164500;88.525;22042000
USD000UTSTOM;15;240117;170000;88.68;14109000
USD000UTSTOM;15;240117;171500;88.7;14217000
USD000UTSTOM;15;240117;173000;88.74;11475000
USD000UTSTOM;15;240117;174500;88.8425;13296000
USD000UTSTOM;15;240117;180000;88.9375;10482000
USD000UTSTOM;15;240117;181500;88.8375;5206000
USD000UTSTOM;15;240117;183000;88.8175;7161000
USD000UTSTOM;15;240117;184500;88.95;3064000
USD000UTSTOM;15;240118;070000;89;3423000
USD000UTSTOM;15;240118;071500;89.1;4315000
USD000UTSTOM;15;240118;073000;89.3;6095000
USD000UTSTOM;15;240118;074500;89.6475;22549000
USD000UTSTOM;15;240118;080000;89.35;15752000
USD000UTSTOM;15;240118;081500;89.2125;10609000
USD000UTSTOM;15;240118;083000;89.35;3020000
USD000UTSTOM;15;240118;084500;89.1825;6091000
USD000UTSTOM;15;240118;090000;88.78;39474000
USD000UTSTOM;15;240118;091500;88.9875;20902000
USD000UTSTOM;15;240118;093000;88.8675;10596000
USD000UTSTOM;15;240118;094500;88.845;5910000
USD000UTSTOM;15;240118;100000;88.88;17942000
USD000UTSTOM;15;240118;101500;88.6275;32412000
USD000UTSTOM;15;240118;103000;88.6675;29695000
USD000UTSTOM;15;240118;104500;88.6775;35758000
USD000UTSTOM;15;240118;110000;88.7075;22737000
USD000UTSTOM;15;240118;111500;88.695;37349000
USD000UTSTOM;15;240118;113000;88.6275;37982000
USD000UTSTOM;15;240118;114500;88.5675;41720000
USD000UTSTOM;15;240118;120000;88.705;31830000
USD000UTSTOM;15;240118;121500;88.71;19275000
USD000UTSTOM;15;240118;123000;88.58;39166000
USD000UTSTOM;15;240118;124500;88.59;17258000
USD000UTSTOM;15;240118;130000;88.62;19411000
USD000UTSTOM;15;240118;131500;88.6025;12511000
USD000UTSTOM;15;240118;133000;88.6425;11467000
USD000UTSTOM;15;240118;134500;88.6475;15494000
USD000UTSTOM;15;240118;140000;88.6725;7354000
USD000UTSTOM;15;240118;141500;88.745;18041000
USD000UTSTOM;15;240118;143000;88.7;23277000
USD000UTSTOM;15;240118;144500;88.6925;11512000
USD000UTSTOM;15;240118;150000;88.7325;9097000
USD000UTSTOM;15;240118;151500;88.7225;8256000
USD000UTSTOM;15;240118;153000;88.7475;19189000
USD000UTSTOM;15;240118;154500;88.77;12155000
USD000UTSTOM;15;240118;160000;88.73;19387000
USD000UTSTOM;15;240118;161500;88.7;32185000
USD000UTSTOM;15;240118;163000;88.8725;35593000
USD000UTSTOM;15;240118;164500;89.0175;40415000
USD000UTSTOM;15;240118;170000;89.0975;22383000
USD000UTSTOM;15;240118;171500;89.0625;17582000
USD000UTSTOM;15;240118;173000;89.015;14384000
USD000UTSTOM;15;240118;174500;88.9925;6715000
USD000UTSTOM;15;240118;180000;88.995;6492000
USD000UTSTOM;15;240118;181500;89.11;6286000
USD000UTSTOM;15;240118;183000;89.0125;4914000
USD000UTSTOM;15;240118;184500;89.05;1550000
USD000UTSTOM;15;240119;070000;89.1;2890000
USD000UTSTOM;15;240119;071500;89.14;8034000
USD000UTSTOM;15;240119;073000;89.04;4755000
USD000UTSTOM;15;240119;074500;89.0225;3836000
USD000UTSTOM;15;240119;080000;88.95;3194000
USD000UTSTOM;15;240119;081500;88.83;2526000
USD000UTSTOM;15;240119;083000;88.9;6146000
USD000UTSTOM;15;240119;084500;89.0075;5649000
USD000UTSTOM;15;240119;090000;88.8525;9030000
USD000UTSTOM;15;240119;091500;88.805;5966000
USD000UTSTOM;15;240119;093000;88.92;2819000
USD000UTSTOM;15;240119;094500;88.8825;11049000
USD000UTSTOM;15;240119;100000;88.7775;41108000
USD000UTSTOM;15;240119;101500;88.82;32938000
USD000UTSTOM;15;240119;103000;88.6875;38800000
USD000UTSTOM;15;240119;104500;88.68;40228000
USD000UTSTOM;15;240119;110000;88.7;16406000
USD000UTSTOM;15;240119;111500;88.775;27698000
USD000UTSTOM;15;240119;113000;88.76;24542000
USD000UTSTOM;15;240119;114500;88.715;25375000
USD000UTSTOM;15;240119;120000;88.6225;35263000
USD000UTSTOM;15;240119;121500;88.52;45568000
USD000UTSTOM;15;240119;123000;88.545;64278000
USD000UTSTOM;15;240119;124500;88.4825;24783000
USD000UTSTOM;15;240119;130000;88.35;30544000
USD000UTSTOM;15;240119;131500;88.455;25143000
USD000UTSTOM;15;240119;133000;88.5275;15670000
USD000UTSTOM;15;240119;134500;88.545;5132000
USD000UTSTOM;15;240119;140000;88.4525;15420000
USD000UTSTOM;15;240119;141500;88.425;16952000
USD000UTSTOM;15;240119;143000;88.4425;12942000
USD000UTSTOM;15;240119;144500;88.295;23623000
USD000UTSTOM;15;240119;150000;88.2975;19330000
USD000UTSTOM;15;240119;151500;88.33;9510000
USD000UTSTOM;15;240119;153000;88.32;14235000
USD000UTSTOM;15;240119;154500;88.3825;14429000
USD000UTSTOM;15;240119;160000;88.3425;28974000
USD000UTSTOM;15;240119;161500;88.23;21871000
USD000UTSTOM;15;240119;163000;88.27;17324000
USD000UTSTOM;15;240119;164500;88.375;9324000
USD000UTSTOM;15;240119;170000;88.255;13578000
USD000UTSTOM;15;240119;171500;88.3425;4366000
USD000UTSTOM;15;240119;173000;88.335;5113000
USD000UTSTOM;15;240119;174500;88.235;5801000
USD000UTSTOM;15;240119;180000;88.27;6306000
USD000UTSTOM;15;240119;181500;88.2775;1856000
USD000UTSTOM;15;240119;183000;88.2475;6704000
USD000UTSTOM;15;240119;184500;88.2;1523000
USD000UTSTOM;15;240122;070000;88.3825;6330000
USD000UTSTOM;15;240122;071500;88.23;4210000
USD000UTSTOM;15;240122;073000;88.3325;1541000
USD000UTSTOM;15;240122;074500;88.425;4695000
USD000UTSTOM;15;240122;080000;88.475;5600000
USD000UTSTOM;15;240122;081500;88.48;4367000
USD000UTSTOM;15;240122;083000;88.485;1376000
USD000UTSTOM;15;240122;084500;88.4975;1893000
USD000UTSTOM;15;240122;090000;88.3525;7301000
USD000UTSTOM;15;240122;091500;88.2725;4075000
USD000UTSTOM;15;240122;093000;88.355;10680000
USD000UTSTOM;15;240122;094500;88.225;13866000
USD000UTSTOM;15;240122;100000;88.165;37402000
USD000UTSTOM;15;240122;101500;88.095;65608000
USD000UTSTOM;15;240122;103000;88.045;16460000
USD000UTSTOM;15;240122;104500;88.01;24209000
USD000UTSTOM;15;240122;110000;87.9075;31988000
USD000UTSTOM;15;240122;111500;87.9425;34708000
USD000UTSTOM;15;240122;113000;87.98;28237000
USD000UTSTOM;15;240122;114500;88.015;16388000
USD000UTSTOM;15;240122;120000;88.0825;25430000
USD000UTSTOM;15;240122;121500;88.05;17808000
USD000UTSTOM;15;240122;123000;88.0425;25212000
USD000UTSTOM;15;240122;124500;88.0375;24520000
USD000UTSTOM;15;240122;130000;87.9575;29011000
USD000UTSTOM;15;240122;131500;87.9;17967000
USD000UTSTOM;15;240122;133000;87.87;14143000
USD000UTSTOM;15;240122;134500;87.7875;52775000
USD000UTSTOM;15;240122;140000;87.765;34094000
USD000UTSTOM;15;240122;141500;87.9;18662000
USD000UTSTOM;15;240122;143000;87.85;21633000
USD000UTSTOM;15;240122;144500;88.0425;13720000
USD000UTSTOM;15;240122;150000;88.035;16615000
USD000UTSTOM;15;240122;151500;88.0175;14783000
USD000UTSTOM;15;240122;153000;88.0025;11035000
USD000UTSTOM;15;240122;154500;87.9725;18596000
USD000UTSTOM;15;240122;160000;87.9775;23735000
USD000UTSTOM;15;240122;161500;87.965;20531000
USD000UTSTOM;15;240122;163000;87.9;8259000
USD000UTSTOM;15;240122;164500;87.8825;18383000
USD000UTSTOM;15;240122;170000;87.8775;21163000
USD000UTSTOM;15;240122;171500;87.9875;8190000
USD000UTSTOM;15;240122;173000;87.925;11450000
USD000UTSTOM;15;240122;174500;87.8725;22982000
USD000UTSTOM;15;240122;180000;87.9275;4039000
USD000UTSTOM;15;240122;181500;87.905;4040000
USD000UTSTOM;15;240122;183000;87.9;11011000
USD000UTSTOM;15;240122;184500;87.8;2864000
USD000UTSTOM;15;240123;070000;87.84;3476000
USD000UTSTOM;15;240123;071500;87.9575;1500000
USD000UTSTOM;15;240123;073000;87.865;8000
USD000UTSTOM;15;240123;074500;87.9;50000
USD000UTSTOM;15;240123;080000;87.9;3019000
USD000UTSTOM;15;240123;081500;87.84;914000
USD000UTSTOM;15;240123;083000;87.78;2745000
USD000UTSTOM;15;240123;084500;87.7875;1692000
USD000UTSTOM;15;240123;090000;87.8475;9017000
USD000UTSTOM;15;240123;091500;87.8825;4083000
USD000UTSTOM;15;240123;093000;87.9325;8801000
USD000UTSTOM;15;240123;094500;87.78;14895000
USD000UTSTOM;15;240123;100000;87.73;38144000
USD000UTSTOM;15;240123;101500;87.67;38740000
USD000UTSTOM;15;240123;103000;87.725;33245000
USD000UTSTOM;15;240123;104500;87.745;28499000
USD000UTSTOM;15;240123;110000;87.735;47935000
USD000UTSTOM;15;240123;111500;87.74;39099000
USD000UTSTOM;15;240123;113000;87.805;34949000
USD000UTSTOM;15;240123;114500;87.84;39208000
USD000UTSTOM;15;240123;120000;87.8425;27820000
USD000UTSTOM;15;240123;121500;87.8425;96728000
USD000UTSTOM;15;240123;123000;87.8875;23914000
USD000UTSTOM;15;240123;124500;87.9525;25987000
USD000UTSTOM;15;240123;130000;88.0025;32224000
USD000UTSTOM;15;240123;131500;88;41061000
USD000UTSTOM;15;240123;133000;87.99;13882000
USD000UTSTOM;15;240123;134500;88.115;15950000
USD000UTSTOM;15;240123;140000;88.1075;19203000
USD000UTSTOM;15;240123;141500;88.215;42458000
USD000UTSTOM;15;240123;143000;88.3675;46327000
USD000UTSTOM;15;240123;144500;88.285;41552000
USD000UTSTOM;15;240123;150000;88.3025;16410000
USD000UTSTOM;15;240123;151500;88.365;15569000
USD000UTSTOM;15;240123;153000;88.3175;19429000
USD000UTSTOM;15;240123;154500;88.2325;16612000
USD000UTSTOM;15;240123;160000;88.26;17074000
USD000UTSTOM;15;240123;161500;88.2675;7202000
USD000UTSTOM;15;240123;163000;88.2;16020000
USD000UTSTOM;15;240123;164500;88.255;17113000
USD000UTSTOM;15;240123;170000;88.2375;16531000
USD000UTSTOM;15;240123;171500;88.2625;17848000
USD000UTSTOM;15;240123;173000;88.325;34019000
USD000UTSTOM;15;240123;174500;88.41;16476000
USD000UTSTOM;15;240123;180000;88.52;28743000
USD000UTSTOM;15;240123;181500;88.515;4848000
USD000UTSTOM;15;240123;183000;88.5025;6557000
USD000UTSTOM;15;240123;184500;88.7;1664000
USD000UTSTOM;15;240124;070000;88.5675;6787000
USD000UTSTOM;15;240124;071500;88.4075;10988000
USD000UTSTOM;15;240124;073000;88.3525;2959000
USD000UTSTOM;15;240124;074500;88.4;5162000
USD000UTSTOM;15;240124;080000;88.4375;3231000
USD000UTSTOM;15;240124;081500;88.29;8048000
USD000UTSTOM;15;240124;083000;88.33;1893000
USD000UTSTOM;15;240124;084500;88.34;817000
USD000UTSTOM;15;240124;090000;88.29;15836000
USD000UTSTOM;15;240124;091500;88.245;5527000
USD000UTSTOM;15;240124;093000;88.14;9742000
USD000UTSTOM;15;240124;094500;88.18;16032000
USD000UTSTOM;15;240124;100000;88.12;42508000
USD000UTSTOM;15;240124;101500;88.21;45692000
USD000UTSTOM;15;240124;103000;88.205;18949000
USD000UTSTOM;15;240124;104500;88.2325;34243000
USD000UTSTOM;15;240124;110000;88.1875;29267000
USD000UTSTOM;15;240124;111500;88.2;15249000
USD000UTSTOM;15;240124;113000;88.27;23751000
USD000UTSTOM;15;240124;114500;88.4775;28088000
USD000UTSTOM;15;240124;120000;88.48;25471000
USD000UTSTOM;15;240124;121500;88.235;45298000
USD000UTSTOM;15;240124;123000;88.3075;25859000
USD000UTSTOM;15;240124;124500;88.355;26487000
USD000UTSTOM;15;240124;130000;88.255;32317000
USD000UTSTOM;15;240124;131500;88.2925;17074000
USD000UTSTOM;15;240124;133000;88.27;14042000
USD000UTSTOM;15;240124;134500;88.27;13787000
USD000UTSTOM;15;240124;140000;88.3075;17137000
USD000UTSTOM;15;240124;141500;88.345;22925000
USD000UTSTOM;15;240124;143000;88.38;11374000
USD000UTSTOM;15;240124;144500;88.375;8538000
USD000UTSTOM;15;240124;150000;88.47;12076000
USD000UTSTOM;15;240124;151500;88.4475;18636000
USD000UTSTOM;15;240124;153000;88.415;15592000
USD000UTSTOM;15;240124;154500;88.38;20769000
USD000UTSTOM;15;240124;160000;88.31;19834000
USD000UTSTOM;15;240124;161500;88.3925;28636000
USD000UTSTOM;15;240124;163000;88.4675;22306000
USD000UTSTOM;15;240124;164500;88.4675;23780000
USD000UTSTOM;15;240124;170000;88.305;52829000
USD000UTSTOM;15;240124;171500;88.3925;11623000
USD000UTSTOM;15;240124;173000;88.305;10720000
USD000UTSTOM;15;240124;174500;88.5475;13180000
USD000UTSTOM;15;240124;180000;88.52;11856000
USD000UTSTOM;15;240124;181500;88.51;4904000
USD000UTSTOM;15;240124;183000;88.5525;4648000
USD000UTSTOM;15;240124;184500;88.6075;3052000
USD000UTSTOM;15;240125;070000;88.56;2594000
USD000UTSTOM;15;240125;071500;88.575;1218000
USD000UTSTOM;15;240125;073000;88.6025;1253000
USD000UTSTOM;15;240125;074500;88.5375;1217000
USD000UTSTOM;15;240125;080000;88.4525;2389000
USD000UTSTOM;15;240125;081500;88.5375;3348000
USD000UTSTOM;15;240125;083000;88.5175;174000
USD000UTSTOM;15;240125;084500;88.55;2630000
USD000UTSTOM;15;240125;090000;88.45;15818000
USD000UTSTOM;15;240125;091500;88.5225;10699000
USD000UTSTOM;15;240125;093000;88.6625;12370000
USD000UTSTOM;15;240125;094500;88.4975;14341000
USD000UTSTOM;15;240125;100000;88.615;19961000
USD000UTSTOM;15;240125;101500;88.575;28189000
USD000UTSTOM;15;240125;103000;88.5675;24764000
USD000UTSTOM;15;240125;104500;88.56;37720000
USD000UTSTOM;15;240125;110000;88.5425;22004000
USD000UTSTOM;15;240125;111500;88.5625;9906000
USD000UTSTOM;15;240125;113000;88.55;34085000
USD000UTSTOM;15;240125;114500;88.63;56858000
USD000UTSTOM;15;240125;120000;88.645;64529000
USD000UTSTOM;15;240125;121500;88.6525;31357000
USD000UTSTOM;15;240125;123000;88.6525;12806000
USD000UTSTOM;15;240125;124500;88.725;40676000
USD000UTSTOM;15;240125;130000;88.7625;32976000
USD000UTSTOM;15;240125;131500;88.79;28315000
USD000UTSTOM;15;240125;133000;88.67;22532000
USD000UTSTOM;15;240125;134500;88.715;25486000
USD000UTSTOM;15;240125;140000;88.71;24670000
USD000UTSTOM;15;240125;141500;88.72;20615000
USD000UTSTOM;15;240125;143000;88.7125;18987000
USD000UTSTOM;15;240125;144500;88.6625;45628000
USD000UTSTOM;15;240125;150000;88.6875;32638000
USD000UTSTOM;15;240125;151500;88.7275;38598000
USD000UTSTOM;15;240125;153000;88.75;29039000
USD000UTSTOM;15;240125;154500;88.99;42909000
USD000UTSTOM;15;240125;160000;88.9975;48647000
USD000UTSTOM;15;240125;161500;88.975;31739000
USD000UTSTOM;15;240125;163000;89.1525;38290000
USD000UTSTOM;15;240125;164500;89.1675;22930000
USD000UTSTOM;15;240125;170000;89.145;13002000
USD000UTSTOM;15;240125;171500;89.175;7104000
USD000UTSTOM;15;240125;173000;89.0675;12889000
USD000UTSTOM;15;240125;174500;89.0675;12433000
USD000UTSTOM;15;240125;180000;88.9975;26450000
USD000UTSTOM;15;240125;181500;88.8975;16594000
USD000UTSTOM;15;240125;183000;88.84;11471000
USD000UTSTOM;15;240125;184500;88.8925;5283000
USD000UTSTOM;15;240126;070000;89.06;3876000
USD000UTSTOM;15;240126;071500;89.025;3563000
USD000UTSTOM;15;240126;073000;89.05;994000
USD000UTSTOM;15;240126;074500;89.095;281000
USD000UTSTOM;15;240126;080000;89.16;56000
USD000UTSTOM;15;240126;081500;89.235;1297000
USD000UTSTOM;15;240126;083000;89.15;772000
USD000UTSTOM;15;240126;084500;89.1775;568000
USD000UTSTOM;15;240126;090000;89.1425;6902000
USD000UTSTOM;15;240126;091500;89.265;4770000
USD000UTSTOM;15;240126;093000;89.27;3505000
USD000UTSTOM;15;240126;094500;89.1975;11682000
USD000UTSTOM;15;240126;100000;89.2375;26044000
USD000UTSTOM;15;240126;101500;89.1225;29912000
USD000UTSTOM;15;240126;103000;89.14;25647000
USD000UTSTOM;15;240126;104500;89.12;27176000
USD000UTSTOM;15;240126;110000;89.1825;26180000
USD000UTSTOM;15;240126;111500;89.35;26153000
USD000UTSTOM;15;240126;113000;89.35;36487000
USD000UTSTOM;15;240126;114500;89.615;41349000
USD000UTSTOM;15;240126;120000;89.745;59631000
USD000UTSTOM;15;240126;121500;89.7325;92533000
USD000UTSTOM;15;240126;123000;89.54;43207000
USD000UTSTOM;15;240126;124500;89.5;47593000
USD000UTSTOM;15;240126;130000;89.4975;47302000
USD000UTSTOM;15;240126;131500;89.5575;26015000
USD000UTSTOM;15;240126;133000;89.7475;33636000
USD000UTSTOM;15;240126;134500;89.7075;26603000
USD000UTSTOM;15;240126;140000;89.63;29382000
USD000UTSTOM;15;240126;141500;89.64;47319000
USD000UTSTOM;15;240126;143000;89.695;39119000
USD000UTSTOM;15;240126;144500;89.7025;26047000
USD000UTSTOM;15;240126;150000;89.6675;20173000
USD000UTSTOM;15;240126;151500;89.635;19326000
USD000UTSTOM;15;240126;153000;89.6425;12161000
USD000UTSTOM;15;240126;154500;89.7325;19611000
USD000UTSTOM;15;240126;160000;89.7525;36124000
USD000UTSTOM;15;240126;161500;89.755;29247000
USD000UTSTOM;15;240126;163000;89.7275;32188000
USD000UTSTOM;15;240126;164500;89.7625;12036000
USD000UTSTOM;15;240126;170000;89.665;19730000
USD000UTSTOM;15;240126;171500;89.69;7480000
USD000UTSTOM;15;240126;173000;89.65;25871000
USD000UTSTOM;15;240126;174500;89.7075;24454000
USD000UTSTOM;15;240126;180000;89.7375;10141000
USD000UTSTOM;15;240126;181500;89.79;4277000
USD000UTSTOM;15;240126;183000;89.775;4663000
USD000UTSTOM;15;240126;184500;89.7375;3379000
USD000UTSTOM;15;240129;070000;90.05;2534000
USD000UTSTOM;15;240129;071500;90.0425;440000
USD000UTSTOM;15;240129;073000;90.145;486000
USD000UTSTOM;15;240129;074500;90.165;667000
USD000UTSTOM;15;240129;080000;90.155;1989000
USD000UTSTOM;15;240129;081500;90.1675;2570000
USD000UTSTOM;15;240129;083000;90.17;2911000
USD000UTSTOM;15;240129;084500;90.1675;1775000
USD000UTSTOM;15;240129;090000;90.09;8748000
USD000UTSTOM;15;240129;091500;90.02;13873000
USD000UTSTOM;15;240129;093000;89.9625;6563000
USD000UTSTOM;15;240129;094500;89.9675;7035000
USD000UTSTOM;15;240129;100000;89.72;27380000
USD000UTSTOM;15;240129;101500;89.79;17120000
USD000UTSTOM;15;240129;103000;89.84;16959000
USD000UTSTOM;15;240129;104500;89.7325;44178000
USD000UTSTOM;15;240129;110000;89.715;28074000
USD000UTSTOM;15;240129;111500;89.67;20847000
USD000UTSTOM;15;240129;113000;89.61;36830000
USD000UTSTOM;15;240129;114500;89.565;20436000
USD000UTSTOM;15;240129;120000;89.57;23210000
USD000UTSTOM;15;240129;121500;89.5125;34443000
USD000UTSTOM;15;240129;123000;89.4;49045000
USD000UTSTOM;15;240129;124500;89.5675;33564000
USD000UTSTOM;15;240129;130000;89.535;21129000
USD000UTSTOM;15;240129;131500;89.5325;17353000
USD000UTSTOM;15;240129;133000;89.5875;18954000
USD000UTSTOM;15;240129;134500;89.5575;26637000
USD000UTSTOM;15;240129;140000;89.535;21142000
USD000UTSTOM;15;240129;141500;89.545;14633000
USD000UTSTOM;15;240129;143000;89.5275;14008000
USD000UTSTOM;15;240129;144500;89.515;7557000
USD000UTSTOM;15;240129;150000;89.55;12104000
USD000UTSTOM;15;240129;151500;89.52;16476000
USD000UTSTOM;15;240129;153000;89.62;22309000
USD000UTSTOM;15;240129;154500;89.52;18857000
USD000UTSTOM;15;240129;160000;89.47;24405000
USD000UTSTOM;15;240129;161500;89.435;16887000
USD000UTSTOM;15;240129;163000;89.4275;9681000
USD000UTSTOM;15;240129;164500;89.3725;14073000
USD000UTSTOM;15;240129;170000;89.15;17487000
USD000UTSTOM;15;240129;171500;89.055;39408000
USD000UTSTOM;15;240129;173000;88.955;38216000
USD000UTSTOM;15;240129;174500;89.05;42175000
USD000UTSTOM;15;240129;180000;89.0725;28149000
USD000UTSTOM;15;240129;181500;88.905;8553000
USD000UTSTOM;15;240129;183000;88.935;5927000
USD000UTSTOM;15;240129;184500;88.975;1738000
USD000UTSTOM;15;240130;070000;88.95;1974000
USD000UTSTOM;15;240130;071500;89.06;5576000
USD000UTSTOM;15;240130;073000;89.1425;1154000
USD000UTSTOM;15;240130;074500;89.14;800000
USD000UTSTOM;15;240130;080000;89.12;321000
USD000UTSTOM;15;240130;081500;89.095;5226000
USD000UTSTOM;15;240130;083000;89.04;4255000
USD000UTSTOM;15;240130;084500;89.0125;671000
USD000UTSTOM;15;240130;090000;88.8225;6502000
USD000UTSTOM;15;240130;091500;88.735;12629000
USD000UTSTOM;15;240130;093000;88.84;8681000
USD000UTSTOM;15;240130;094500;88.8875;5489000
USD000UTSTOM;15;240130;100000;88.9975;21240000
USD000UTSTOM;15;240130;101500;89.25;41964000
USD000UTSTOM;15;240130;103000;89.28;30847000
USD000UTSTOM;15;240130;104500;89.32;15738000
USD000UTSTOM;15;240130;110000;89.275;37475000
USD000UTSTOM;15;240130;111500;89.3175;12507000
USD000UTSTOM;15;240130;113000;89.2375;23413000
USD000UTSTOM;15;240130;114500;89.28;15359000
USD000UTSTOM;15;240130;120000;89.27;15465000
USD000UTSTOM;15;240130;121500;89.3025;17666000
USD000UTSTOM;15;240130;123000;89.325;25559000
USD000UTSTOM;15;240130;124500;89.3025;21287000
USD000UTSTOM;15;240130;130000;89.285;19032000
USD000UTSTOM;15;240130;131500;89.2875;19881000
USD000UTSTOM;15;240130;133000;89.305;14833000
USD000UTSTOM;15;240130;134500;89.34;9585000
USD000UTSTOM;15;240130;140000;89.4275;12231000
USD000UTSTOM;15;240130;141500;89.4475;8100000
USD000UTSTOM;15;240130;143000;89.425;7043000
USD000UTSTOM;15;240130;144500;89.38;4816000
USD000UTSTOM;15;240130;150000;89.4375;17893000
USD000UTSTOM;15;240130;151500;89.385;17822000
USD000UTSTOM;15;240130;153000;89.395;15425000
USD000UTSTOM;15;240130;154500;89.46;21488000
USD000UTSTOM;15;240130;160000;89.485;28359000
USD000UTSTOM;15;240130;161500;89.6225;13258000
USD000UTSTOM;15;240130;163000;89.5425;16075000
USD000UTSTOM;15;240130;164500;89.5175;5047000
USD000UTSTOM;15;240130;170000;89.57;9408000
USD000UTSTOM;15;240130;171500;89.58;11958000
USD000UTSTOM;15;240130;173000;89.6275;30035000
USD000UTSTOM;15;240130;174500;89.7325;13022000
USD000UTSTOM;15;240130;180000;89.715;8673000
USD000UTSTOM;15;240130;181500;89.745;4052000
USD000UTSTOM;15;240130;183000;89.6875;16639000
USD000UTSTOM;15;240130;184500;89.72;3516000
USD000UTSTOM;15;240131;070000;89.78;4250000
USD000UTSTOM;15;240131;071500;89.735;327000
USD000UTSTOM;15;240131;073000;89.6975;3391000
USD000UTSTOM;15;240131;074500;89.7475;4219000
USD000UTSTOM;15;240131;080000;89.7975;6686000
USD000UTSTOM;15;240131;081500;89.7725;2107000
USD000UTSTOM;15;240131;083000;89.765;5231000
USD000UTSTOM;15;240131;084500;89.7025;2253000
USD000UTSTOM;15;240131;090000;89.755;10250000
USD000UTSTOM;15;240131;091500;89.85;5283000
USD000UTSTOM;15;240131;093000;89.8;11960000
USD000UTSTOM;15;240131;094500;89.8175;837000
USD000UTSTOM;15;240131;100000;89.735;28209000
USD000UTSTOM;15;240131;101500;89.83;27585000
USD000UTSTOM;15;240131;103000;89.7375;31378000
USD000UTSTOM;15;240131;104500;89.7;27380000
USD000UTSTOM;15;240131;110000;89.6975;20436000
USD000UTSTOM;15;240131;111500;89.5775;73687000
USD000UTSTOM;15;240131;113000;89.5125;39713000
USD000UTSTOM;15;240131;114500;89.625;33455000
USD000UTSTOM;15;240131;120000;89.6175;41860000
USD000UTSTOM;15;240131;121500;89.8;34486000
USD000UTSTOM;15;240131;123000;89.7325;15386000
USD000UTSTOM;15;240131;124500;89.8;29903000
USD000UTSTOM;15;240131;130000;89.6675;31285000
USD000UTSTOM;15;240131;131500;89.6325;33631000
USD000UTSTOM;15;240131;133000;89.68;27719000
USD000UTSTOM;15;240131;134500;89.6725;20459000
USD000UTSTOM;15;240131;140000;89.685;30635000
USD000UTSTOM;15;240131;141500;89.7125;40220000
USD000UTSTOM;15;240131;143000;89.665;30188000
USD000UTSTOM;15;240131;144500;89.7175;8530000
USD000UTSTOM;15;240131;150000;89.73;14181000
USD000UTSTOM;15;240131;151500;89.715;6863000
USD000UTSTOM;15;240131;153000;89.6825;5474000
USD000UTSTOM;15;240131;154500;89.7175;15448000
USD000UTSTOM;15;240131;160000;89.7325;7596000
USD000UTSTOM;15;240131;161500;89.705;13635000
USD000UTSTOM;15;240131;163000;89.6525;17061000
USD000UTSTOM;15;240131;164500;89.75;23595000
USD000UTSTOM;15;240131;170000;89.7;17499000
USD000UTSTOM;15;240131;171500;89.8225;18097000
USD000UTSTOM;15;240131;173000;89.9125;23055000
USD000UTSTOM;15;240131;174500;89.9225;17120000
USD000UTSTOM;15;240131;180000;89.9;7846000
USD000UTSTOM;15;240131;181500;89.9525;11373000
USD000UTSTOM;15;240131;183000;89.965;3643000
USD000UTSTOM;15;240131;184500;90.0175;10496000
USD000UTSTOM;15;240201;070000;90.16;563000
USD000UTSTOM;15;240201;071500;90.2;480000
USD000UTSTOM;15;240201;073000;90.215;255000
USD000UTSTOM;15;240201;074500;90.1975;175000
USD000UTSTOM;15;240201;080000;90.19;1606000
USD000UTSTOM;15;240201;081500;90.195;1892000
USD000UTSTOM;15;240201;083000;90.1575;635000
USD000UTSTOM;15;240201;084500;90.2;1289000
USD000UTSTOM;15;240201;090000;90.035;8231000
USD000UTSTOM;15;240201;091500;90.035;6178000
USD000UTSTOM;15;240201;093000;90.0275;4423000
USD000UTSTOM;15;240201;094500;90.1325;23432000
USD000UTSTOM;15;240201;100000;90.0775;21750000
USD000UTSTOM;15;240201;101500;89.9925;50983000
USD000UTSTOM;15;240201;103000;90.07;52505000
USD000UTSTOM;15;240201;104500;90.05;54521000
USD000UTSTOM;15;240201;110000;90.26;31909000
USD000UTSTOM;15;240201;111500;90.4525;39959000
USD000UTSTOM;15;240201;113000;90.4;19638000
USD000UTSTOM;15;240201;114500;90.3125;13340000
USD000UTSTOM;15;240201;120000;90.3625;21941000
USD000UTSTOM;15;240201;121500;90.37;23271000
USD000UTSTOM;15;240201;123000;90.3075;16409000
USD000UTSTOM;15;240201;124500;90.2925;24007000
USD000UTSTOM;15;240201;130000;90.285;33927000
USD000UTSTOM;15;240201;131500;90.32;26879000
USD000UTSTOM;15;240201;133000;90.205;42093000
USD000UTSTOM;15;240201;134500;90.2725;32869000
USD000UTSTOM;15;240201;140000;90.27;24127000
USD000UTSTOM;15;240201;141500;90.25;23722000
USD000UTSTOM;15;240201;143000;90.3325;28405000
USD000UTSTOM;15;240201;144500;90.285;39753000
USD000UTSTOM;15;240201;150000;90.2325;18853000
USD000UTSTOM;15;240201;151500;90.315;19461000
USD000UTSTOM;15;240201;153000;90.355;21948000
USD000UTSTOM;15;240201;154500;90.4275;24001000
USD000UTSTOM;15;240201;160000;90.3975;25151000
USD000UTSTOM;15;240201;161500;90.4775;19963000
USD000UTSTOM;15;240201;163000;90.36;13773000
USD000UTSTOM;15;240201;164500;90.3;10889000
USD000UTSTOM;15;240201;170000;90.335;17664000
USD000UTSTOM;15;240201;171500;90.3975;8126000
USD000UTSTOM;15;240201;173000;90.44;6814000
USD000UTSTOM;15;240201;174500;90.45;4486000
USD000UTSTOM;15;240201;180000;90.4775;7153000
USD000UTSTOM;15;240201;181500;90.4325;11360000
USD000UTSTOM;15;240201;183000;90.4525;3705000
USD000UTSTOM;15;240201;184500;90.4675;4630000
USD000UTSTOM;15;240202;070000;90.4775;3525000
USD000UTSTOM;15;240202;071500;90.475;2153000
USD000UTSTOM;15;240202;073000;90.5175;113000
USD000UTSTOM;15;240202;074500;90.5175;332000
USD000UTSTOM;15;240202;080000;90.6;1801000
USD000UTSTOM;15;240202;081500;90.6625;5452000
USD000UTSTOM;15;240202;083000;90.5875;373000
USD000UTSTOM;15;240202;084500;90.585;545000
USD000UTSTOM;15;240202;090000;90.58;2246000
USD000UTSTOM;15;240202;091500;90.5775;3105000
USD000UTSTOM;15;240202;093000;90.57;5969000
USD000UTSTOM;15;240202;094500;90.515;9107000
USD000UTSTOM;15;240202;100000;90.6775;20355000
USD000UTSTOM;15;240202;101500;90.6925;12775000
USD000UTSTOM;15;240202;103000;90.55;27577000
USD000UTSTOM;15;240202;104500;90.61;23339000
USD000UTSTOM;15;240202;110000;90.5725;21179000
USD000UTSTOM;15;240202;111500;90.605;14487000
USD000UTSTOM;15;240202;113000;90.59;28476000
USD000UTSTOM;15;240202;114500;90.59;20308000
USD000UTSTOM;15;240202;120000;90.6;16949000
USD000UTSTOM;15;240202;121500;90.5875;19624000
USD000UTSTOM;15;240202;123000;90.5475;24961000
USD000UTSTOM;15;240202;124500;90.5425;23705000
USD000UTSTOM;15;240202;130000;90.56;16366000
USD000UTSTOM;15;240202;131500;90.585;16381000
USD000UTSTOM;15;240202;133000;90.5975;18615000
USD000UTSTOM;15;240202;134500;90.66;28150000
USD000UTSTOM;15;240202;140000;90.6975;18014000
USD000UTSTOM;15;240202;141500;90.7875;40798000
USD000UTSTOM;15;240202;143000;90.8125;46827000
USD000UTSTOM;15;240202;144500;90.815;21186000
USD000UTSTOM;15;240202;150000;90.8375;20269000
USD000UTSTOM;15;240202;151500;90.93;13403000
USD000UTSTOM;15;240202;153000;91.015;21763000
USD000UTSTOM;15;240202;154500;91.01;30377000
USD000UTSTOM;15;240202;160000;91.0925;42728000
USD000UTSTOM;15;240202;161500;91.1225;19854000
USD000UTSTOM;15;240202;163000;91.1;40028000
USD000UTSTOM;15;240202;164500;91.095;21036000
USD000UTSTOM;15;240202;170000;91.1075;27264000
USD000UTSTOM;15;240202;171500;90.8875;24880000
USD000UTSTOM;15;240202;173000;90.8375;17666000
USD000UTSTOM;15;240202;174500;90.675;12878000
USD000UTSTOM;15;240202;180000;90.69;11372000
USD000UTSTOM;15;240202;181500;90.7675;5419000
USD000UTSTOM;15;240202;183000;90.7725;2054000
USD000UTSTOM;15;240202;184500;91.05;22437000
USD000UTSTOM;15;240205;070000;91.15;1795000
USD000UTSTOM;15;240205;071500;91.25;5110000
USD000UTSTOM;15;240205;073000;91.2625;933000
USD000UTSTOM;15;240205;074500;91.2425;6000
USD000UTSTOM;15;240205;080000;91.155;762000
USD000UTSTOM;15;240205;081500;91.1775;1290000
USD000UTSTOM;15;240205;083000;91.2;747000
USD000UTSTOM;15;240205;084500;91.15;1857000
USD000UTSTOM;15;240205;090000;90.975;15873000
USD000UTSTOM;15;240205;091500;90.975;10541000
USD000UTSTOM;15;240205;093000;90.92;5044000
USD000UTSTOM;15;240205;094500;91.15;9464000
USD000UTSTOM;15;240205;100000;91.205;23345000
USD000UTSTOM;15;240205;101500;91.21;26628000
USD000UTSTOM;15;240205;103000;91.315;46551000
USD000UTSTOM;15;240205;104500;91.3275;30254000
USD000UTSTOM;15;240205;110000;91.38;53892000
USD000UTSTOM;15;240205;111500;91.4675;28517000
USD000UTSTOM;15;240205;113000;91.46;31745000
USD000UTSTOM;15;240205;114500;91.3775;23650000
USD000UTSTOM;15;240205;120000;91.16;23942000
USD000UTSTOM;15;240205;121500;91.105;29490000
USD000UTSTOM;15;240205;123000;91.1075;20696000
USD000UTSTOM;15;240205;124500;91.16;14226000
USD000UTSTOM;15;240205;130000;91.1425;13555000
USD000UTSTOM;15;240205;131500;91.215;15201000
USD000UTSTOM;15;240205;133000;91.2225;11470000
USD000UTSTOM;15;240205;134500;91.215;17496000
USD000UTSTOM;15;240205;140000;91.2125;12173000
USD000UTSTOM;15;240205;141500;91.215;13914000
USD000UTSTOM;15;240205;143000;91.26;15281000
USD000UTSTOM;15;240205;144500;91.1725;57384000
USD000UTSTOM;15;240205;150000;91.065;36606000
USD000UTSTOM;15;240205;151500;91.0575;12922000
USD000UTSTOM;15;240205;153000;91.055;21153000
USD000UTSTOM;15;240205;154500;90.82;39084000
USD000UTSTOM;15;240205;160000;90.61;52041000
USD000UTSTOM;15;240205;161500;90.6475;80984000
USD000UTSTOM;15;240205;163000;90.4975;21735000
USD000UTSTOM;15;240205;164500;90.4975;23951000
USD000UTSTOM;15;240205;170000;90.22;33805000
USD000UTSTOM;15;240205;171500;90.365;15616000
USD000UTSTOM;15;240205;173000;90.3175;16619000
USD000UTSTOM;15;240205;174500;90.3175;9076000
USD000UTSTOM;15;240205;180000;90.4175;9235000
USD000UTSTOM;15;240205;181500;90.52;15505000
USD000UTSTOM;15;240205;183000;90.515;4590000
USD000UTSTOM;15;240205;184500;90.575;6451000
USD000UTSTOM;15;240206;070000;90.665;1493000
USD000UTSTOM;15;240206;071500;90.6225;3632000
USD000UTSTOM;15;240206;073000;90.605;843000
USD000UTSTOM;15;240206;074500;90.6075;568000
USD000UTSTOM;15;240206;080000;90.54;3334000
USD000UTSTOM;15;240206;081500;90.5925;2085000
USD000UTSTOM;15;240206;083000;90.46;5357000
USD000UTSTOM;15;240206;084500;90.4125;2964000
USD000UTSTOM;15;240206;090000;90.4425;4279000
USD000UTSTOM;15;240206;091500;90.61;6727000
USD000UTSTOM;15;240206;093000;90.5875;19885000
USD000UTSTOM;15;240206;094500;90.6125;6182000
USD000UTSTOM;15;240206;100000;90.46;28622000
USD000UTSTOM;15;240206;101500;90.53;31189000
USD000UTSTOM;15;240206;103000;90.64;24808000
USD000UTSTOM;15;240206;104500;90.5975;27876000
USD000UTSTOM;15;240206;110000;90.5975;43992000
USD000UTSTOM;15;240206;111500;90.6;13100000
USD000UTSTOM;15;240206;113000;90.6;22075000
USD000UTSTOM;15;240206;114500;90.6175;22059000
USD000UTSTOM;15;240206;120000;90.62;22497000
USD000UTSTOM;15;240206;121500;90.67;18020000
USD000UTSTOM;15;240206;123000;90.6825;25660000
USD000UTSTOM;15;240206;124500;90.79;46449000
USD000UTSTOM;15;240206;130000;90.7625;25044000
USD000UTSTOM;15;240206;131500;90.7475;8659000
USD000UTSTOM;15;240206;133000;90.785;20704000
USD000UTSTOM;15;240206;134500;90.76;25874000
USD000UTSTOM;15;240206;140000;90.8;44427000
USD000UTSTOM;15;240206;141500;90.855;19681000
USD000UTSTOM;15;240206;143000;90.825;36138000
USD000UTSTOM;15;240206;144500;90.825;7260000
USD000UTSTOM;15;240206;150000;90.85;33738000
USD000UTSTOM;15;240206;151500;90.81;24602000
USD000UTSTOM;15;240206;153000;90.925;24249000
USD000UTSTOM;15;240206;154500;90.9675;15043000
USD000UTSTOM;15;240206;160000;90.835;15416000
USD000UTSTOM;15;240206;161500;90.8075;12223000
USD000UTSTOM;15;240206;163000;90.8525;13287000
USD000UTSTOM;15;240206;164500;90.935;13821000
USD000UTSTOM;15;240206;170000;90.9675;12435000
USD000UTSTOM;15;240206;171500;91.04;10894000
USD000UTSTOM;15;240206;173000;91.0375;5365000
USD000UTSTOM;15;240206;174500;91.04;6463000
USD000UTSTOM;15;240206;180000;91.075;7099000
USD000UTSTOM;15;240206;181500;91.1325;13872000
USD000UTSTOM;15;240206;183000;91.175;12130000
USD000UTSTOM;15;240206;184500;91.22;1528000
USD000UTSTOM;15;240207;070000;91.1875;523000
USD000UTSTOM;15;240207;071500;91.02;2195000
USD000UTSTOM;15;240207;073000;91.02;1506000
USD000UTSTOM;15;240207;074500;91.015;374000
USD000UTSTOM;15;240207;080000;91.0725;354000
USD000UTSTOM;15;240207;081500;91.035;650000
USD000UTSTOM;15;240207;083000;91.0325;611000
USD000UTSTOM;15;240207;084500;91.0475;160000
USD000UTSTOM;15;240207;090000;90.945;9467000
USD000UTSTOM;15;240207;091500;91.015;3821000
USD000UTSTOM;15;240207;093000;91.0025;2226000
USD000UTSTOM;15;240207;094500;90.9925;6198000
USD000UTSTOM;15;240207;100000;90.995;22123000
USD000UTSTOM;15;240207;101500;91.0475;20594000
USD000UTSTOM;15;240207;103000;91.015;26620000
USD000UTSTOM;15;240207;104500;91.24;41480000
USD000UTSTOM;15;240207;110000;91.2575;44459000
USD000UTSTOM;15;240207;111500;91.1325;40296000
USD000UTSTOM;15;240207;113000;91.1125;51196000
USD000UTSTOM;15;240207;114500;91.17;16106000
USD000UTSTOM;15;240207;120000;91.1775;24569000
USD000UTSTOM;15;240207;121500;91.1975;23610000
USD000UTSTOM;15;240207;123000;91.1925;25911000
USD000UTSTOM;15;240207;124500;91.1675;27078000
USD000UTSTOM;15;240207;130000;91.18;20323000
USD000UTSTOM;15;240207;131500;91.1625;14696000
USD000UTSTOM;15;240207;133000;91.25;40189000
USD000UTSTOM;15;240207;134500;91.24;25460000
USD000UTSTOM;15;240207;140000;91.215;20048000
USD000UTSTOM;15;240207;141500;91.18;15094000
USD000UTSTOM;15;240207;143000;91.16;23086000
USD000UTSTOM;15;240207;144500;91.12;25128000
USD000UTSTOM;15;240207;150000;91.05;25583000
USD000UTSTOM;15;240207;151500;91.0325;24127000
USD000UTSTOM;15;240207;153000;90.9725;17889000
USD000UTSTOM;15;240207;154500;90.865;37228000
USD000UTSTOM;15;240207;160000;90.845;17410000
USD000UTSTOM;15;240207;161500;90.85;18165000
USD000UTSTOM;15;240207;163000;90.8625;10849000
USD000UTSTOM;15;240207;164500;90.9225;16386000
USD000UTSTOM;15;240207;170000;91.115;39749000
USD000UTSTOM;15;240207;171500;91.0875;23366000
USD000UTSTOM;15;240207;173000;91.2;16371000
USD000UTSTOM;15;240207;174500;91.245;23641000
USD000UTSTOM;15;240207;180000;91.2375;8831000
USD000UTSTOM;15;240207;181500;91.135;7626000
USD000UTSTOM;15;240207;183000;91.2125;3125000
USD000UTSTOM;15;240207;184500;91.2675;1819000
USD000UTSTOM;15;240208;070000;91.08;7642000
USD000UTSTOM;15;240208;071500;91.095;1299000
USD000UTSTOM;15;240208;073000;91.15;794000
USD000UTSTOM;15;240208;074500;91.1475;1546000
USD000UTSTOM;15;240208;080000;91.17;3026000
USD000UTSTOM;15;240208;081500;91.1675;910000
USD000UTSTOM;15;240208;083000;91.1925;1117000
USD000UTSTOM;15;240208;084500;91.275;499000
USD000UTSTOM;15;240208;090000;91.2775;1972000
USD000UTSTOM;15;240208;091500;91.295;1872000
USD000UTSTOM;15;240208;093000;91.3675;5068000
USD000UTSTOM;15;240208;094500;91.3825;9925000
USD000UTSTOM;15;240208;100000;91.2825;33971000
USD000UTSTOM;15;240208;101500;91.2675;38176000
USD000UTSTOM;15;240208;103000;91.3025;22768000
USD000UTSTOM;15;240208;104500;91.155;27193000
USD000UTSTOM;15;240208;110000;91.12;28409000
USD000UTSTOM;15;240208;111500;91.22;22373000
USD000UTSTOM;15;240208;113000;91.2925;29419000
USD000UTSTOM;15;240208;114500;91.27;24294000
USD000UTSTOM;15;240208;120000;91.2325;23221000
USD000UTSTOM;15;240208;121500;91.165;29632000
USD000UTSTOM;15;240208;123000;91.1925;26002000
USD000UTSTOM;15;240208;124500;91.2475;17805000
USD000UTSTOM;15;240208;130000;91.295;20079000
USD000UTSTOM;15;240208;131500;91.3025;44283000
USD000UTSTOM;15;240208;133000;91.31;40272000
USD000UTSTOM;15;240208;134500;91.35;25780000
USD000UTSTOM;15;240208;140000;91.295;14195000
USD000UTSTOM;15;240208;141500;91.3275;11635000
USD000UTSTOM;15;240208;143000;91.2725;18342000
USD000UTSTOM;15;240208;144500;91.3025;9028000
USD000UTSTOM;15;240208;150000;91.33;34030000
USD000UTSTOM;15;240208;151500;91.3025;20693000
USD000UTSTOM;15;240208;153000;91.32;9977000
USD000UTSTOM;15;240208;154500;91.265;29977000
USD000UTSTOM;15;240208;160000;91.2275;13817000
USD000UTSTOM;15;240208;161500;91.3175;16312000
USD000UTSTOM;15;240208;163000;91.3;13123000
USD000UTSTOM;15;240208;164500;91.275;30334000
USD000UTSTOM;15;240208;170000;91.24;50335000
USD000UTSTOM;15;240208;171500;91.2625;8003000
USD000UTSTOM;15;240208;173000;91.135;17686000
USD000UTSTOM;15;240208;174500;91.06;21336000
USD000UTSTOM;15;240208;180000;90.97;30126000
USD000UTSTOM;15;240208;181500;90.8875;18380000
USD000UTSTOM;15;240208;183000;90.82;6812000
USD000UTSTOM;15;240208;184500;90.85;11151000
USD000UTSTOM;15;240209;070000;91.0175;11211000
USD000UTSTOM;15;240209;071500;90.99;3041000
USD000UTSTOM;15;240209;073000;90.985;780000
USD000UTSTOM;15;240209;074500;90.975;654000
USD000UTSTOM;15;240209;080000;90.8425;3390000
USD000UTSTOM;15;240209;081500;90.8325;723000
USD000UTSTOM;15;240209;083000;90.9375;1349000
USD000UTSTOM;15;240209;084500;90.975;869000
USD000UTSTOM;15;240209;090000;90.9975;1312000
USD000UTSTOM;15;240209;091500;91.0225;8035000
USD000UTSTOM;15;240209;093000;91.0425;2647000
USD000UTSTOM;15;240209;094500;91.0375;3388000
USD000UTSTOM;15;240209;100000;90.9375;29962000
USD000UTSTOM;15;240209;101500;90.8675;61369000
USD000UTSTOM;15;240209;103000;90.7625;111161000
USD000UTSTOM;15;240209;104500;90.775;94140000
USD000UTSTOM;15;240209;110000;90.635;110664000
USD000UTSTOM;15;240209;111500;90.785;127612000
USD000UTSTOM;15;240209;113000;90.8025;119440000
USD000UTSTOM;15;240209;114500;91.075;118260000
USD000UTSTOM;15;240209;120000;90.9125;44864000
USD000UTSTOM;15;240209;121500;90.8475;22853000
USD000UTSTOM;15;240209;123000;90.845;35228000
USD000UTSTOM;15;240209;124500;90.83;24003000
USD000UTSTOM;15;240209;130000;90.85;27249000
USD000UTSTOM;15;240209;131500;90.8625;30302000
USD000UTSTOM;15;240209;133000;90.8025;32248000
USD000UTSTOM;15;240209;134500;90.83;32118000
USD000UTSTOM;15;240209;140000;90.83;25001000
USD000UTSTOM;15;240209;141500;90.9875;174651000
USD000UTSTOM;15;240209;143000;90.8;36045000
USD000UTSTOM;15;240209;144500;90.75;57953000
USD000UTSTOM;15;240209;150000;90.805;32370000
USD000UTSTOM;15;240209;151500;90.7475;24903000
USD000UTSTOM;15;240209;153000;90.7325;23835000
USD000UTSTOM;15;240209;154500;90.7475;25354000
USD000UTSTOM;15;240209;160000;90.715;27343000
USD000UTSTOM;15;240209;161500;90.7075;26117000
USD000UTSTOM;15;240209;163000;90.74;40040000
USD000UTSTOM;15;240209;164500;90.85;13094000
USD000UTSTOM;15;240209;170000;91;10046000
USD000UTSTOM;15;240209;171500;90.9975;20936000
USD000UTSTOM;15;240209;173000;90.825;8058000
USD000UTSTOM;15;240209;174500;90.8225;24778000
USD000UTSTOM;15;240209;180000;90.935;8539000
USD000UTSTOM;15;240209;181500;90.9225;880000
USD000UTSTOM;15;240209;183000;91.035;1850000
USD000UTSTOM;15;240209;184500;90.9;3443000
USD000UTSTOM;15;240212;070000;91.08;2936000
USD000UTSTOM;15;240212;071500;90.99;2287000
USD000UTSTOM;15;240212;073000;90.9075;2665000
USD000UTSTOM;15;240212;074500;90.9525;1497000
USD000UTSTOM;15;240212;080000;91.055;223000
USD000UTSTOM;15;240212;081500;91.0225;598000
USD000UTSTOM;15;240212;083000;91.0375;680000
USD000UTSTOM;15;240212;084500;91.02;366000
USD000UTSTOM;15;240212;090000;91.13;6847000
USD000UTSTOM;15;240212;091500;91.045;3562000
USD000UTSTOM;15;240212;093000;91.1;4982000
USD000UTSTOM;15;240212;094500;91.07;7434000
USD000UTSTOM;15;240212;100000;91.0475;13957000
USD000UTSTOM;15;240212;101500;91.0225;15074000
USD000UTSTOM;15;240212;103000;91.01;25427000
USD000UTSTOM;15;240212;104500;91.02;11735000
USD000UTSTOM;15;240212;110000;91.0425;25020000
USD000UTSTOM;15;240212;111500;91;23505000
USD000UTSTOM;15;240212;113000;90.9975;19352000
USD000UTSTOM;15;240212;114500;91.05;22564000
USD000UTSTOM;15;240212;120000;91.0775;12545000
USD000UTSTOM;15;240212;121500;91.03;36714000
USD000UTSTOM;15;240212;123000;91.075;14399000
USD000UTSTOM;15;240212;124500;91.13;16807000
USD000UTSTOM;15;240212;130000;91.13;12889000
USD000UTSTOM;15;240212;131500;91.1175;21553000
USD000UTSTOM;15;240212;133000;91.1325;7373000
USD000UTSTOM;15;240212;134500;91.15;21490000
USD000UTSTOM;15;240212;140000;91.0825;10238000
USD000UTSTOM;15;240212;141500;91.0825;15986000
USD000UTSTOM;15;240212;143000;91.13;13740000
USD000UTSTOM;15;240212;144500;91.17;25140000
USD000UTSTOM;15;240212;150000;91.165;19006000
USD000UTSTOM;15;240212;151500;91.17;13808000
USD000UTSTOM;15;240212;153000;91.1975;14331000
USD000UTSTOM;15;240212;154500;91.32;27938000
USD000UTSTOM;15;240212;160000;91.3725;23042000
USD000UTSTOM;15;240212;161500;91.4225;13970000
USD000UTSTOM;15;240212;163000;91.325;23172000
USD000UTSTOM;15;240212;164500;91.2925;11066000
USD000UTSTOM;15;240212;170000;91.3425;20887000
USD000UTSTOM;15;240212;171500;91.2475;11961000
USD000UTSTOM;15;240212;173000;91.305;15647000
USD000UTSTOM;15;240212;174500;91.325;13842000
USD000UTSTOM;15;240212;180000;91.28;6494000
USD000UTSTOM;15;240212;181500;91.275;5662000
USD000UTSTOM;15;240212;183000;91.2775;5754000
USD000UTSTOM;15;240212;184500;91.31;2421000
USD000UTSTOM;15;240213;070000;91.2425;1203000
USD000UTSTOM;15;240213;071500;91.2;441000
USD000UTSTOM;15;240213;073000;91.16;279000
USD000UTSTOM;15;240213;074500;91.195;129000
USD000UTSTOM;15;240213;080000;91.21;1118000
USD000UTSTOM;15;240213;081500;91.22;289000
USD000UTSTOM;15;240213;083000;91.27;659000
USD000UTSTOM;15;240213;084500;91.3;2590000
USD000UTSTOM;15;240213;090000;91.2425;4865000
USD000UTSTOM;15;240213;091500;91.2625;772000
USD000UTSTOM;15;240213;093000;91.22;3455000
USD000UTSTOM;15;240213;094500;91.175;1931000
USD000UTSTOM;15;240213;100000;91.2375;15445000
USD000UTSTOM;15;240213;101500;91.195;29558000
USD000UTSTOM;15;240213;103000;91.135;25627000
USD000UTSTOM;15;240213;104500;91.1075;15895000
USD000UTSTOM;15;240213;110000;91.07;13867000
USD000UTSTOM;15;240213;111500;91.17;13886000
USD000UTSTOM;15;240213;113000;91.195;22591000
USD000UTSTOM;15;240213;114500;91.19;21119000
USD000UTSTOM;15;240213;120000;91.2075;16624000
USD000UTSTOM;15;240213;121500;91.225;22219000
USD000UTSTOM;15;240213;123000;91.2125;14301000
USD000UTSTOM;15;240213;124500;91.26;17047000
USD000UTSTOM;15;240213;130000;91.265;15089000
USD000UTSTOM;15;240213;131500;91.25;19904000
USD000UTSTOM;15;240213;133000;91.255;16361000
USD000UTSTOM;15;240213;134500;91.355;25242000
USD000UTSTOM;15;240213;140000;91.32;42481000
USD000UTSTOM;15;240213;141500;91.2275;18662000
USD000UTSTOM;15;240213;143000;91.2575;6903000
USD000UTSTOM;15;240213;144500;91.18;22027000
USD000UTSTOM;15;240213;150000;91.0575;46945000
USD000UTSTOM;15;240213;151500;91.13;15817000
USD000UTSTOM;15;240213;153000;91.105;7844000
USD000UTSTOM;15;240213;154500;91.095;5065000
USD000UTSTOM;15;240213;160000;91.085;17172000
USD000UTSTOM;15;240213;161500;91.0875;11068000
USD000UTSTOM;15;240213;163000;91.1625;17846000
USD000UTSTOM;15;240213;164500;91.22;16285000
USD000UTSTOM;15;240213;170000;91.2875;16467000
USD000UTSTOM;15;240213;171500;91.3425;16399000
USD000UTSTOM;15;240213;173000;91.195;15976000
USD000UTSTOM;15;240213;174500;91.23;10221000
USD000UTSTOM;15;240213;180000;91.235;1396000
USD000UTSTOM;15;240213;181500;91.265;1044000
USD000UTSTOM;15;240213;183000;91.25;2123000
USD000UTSTOM;15;240213;184500;91.3025;2758000
USD000UTSTOM;15;240214;070000;91.3;509000
USD000UTSTOM;15;240214;071500;91.3025;17000
USD000UTSTOM;15;240214;073000;91.3275;348000
USD000UTSTOM;15;240214;074500;91.38;14000
USD000UTSTOM;15;240214;080000;91.305;1368000
USD000UTSTOM;15;240214;081500;91.33;1348000
USD000UTSTOM;15;240214;083000;91.3675;2446000
USD000UTSTOM;15;240214;084500;91.37;1385000
USD000UTSTOM;15;240214;090000;91.345;1163000
USD000UTSTOM;15;240214;091500;91.3375;2077000
USD000UTSTOM;15;240214;093000;91.3;2377000
USD000UTSTOM;15;240214;094500;91.2875;5592000
USD000UTSTOM;15;240214;100000;91.2825;19252000
USD000UTSTOM;15;240214;101500;91.32;22234000
USD000UTSTOM;15;240214;103000;91.44;40147000
USD000UTSTOM;15;240214;104500;91.455;7675000
USD000UTSTOM;15;240214;110000;91.4475;8758000
USD000UTSTOM;15;240214;111500;91.58;22017000
USD000UTSTOM;15;240214;113000;91.5525;22422000
USD000UTSTOM;15;240214;114500;91.51;19811000
USD000UTSTOM;15;240214;120000;91.51;9719000
USD000UTSTOM;15;240214;121500;91.4775;10692000
USD000UTSTOM;15;240214;123000;91.455;10363000
USD000UTSTOM;15;240214;124500;91.4175;24500000
USD000UTSTOM;15;240214;130000;91.3825;28439000
USD000UTSTOM;15;240214;131500;91.3675;16624000
USD000UTSTOM;15;240214;133000;91.4525;18972000
USD000UTSTOM;15;240214;134500;91.45;14238000
USD000UTSTOM;15;240214;140000;91.4575;13626000
USD000UTSTOM;15;240214;141500;91.4875;12188000
USD000UTSTOM;15;240214;143000;91.435;17015000
USD000UTSTOM;15;240214;144500;91.445;12223000
USD000UTSTOM;15;240214;150000;91.4225;34019000
USD000UTSTOM;15;240214;151500;91.4;25602000
USD000UTSTOM;15;240214;153000;91.475;44243000
USD000UTSTOM;15;240214;154500;91.4125;30371000
USD000UTSTOM;15;240214;160000;91.4175;20095000
USD000UTSTOM;15;240214;161500;91.44;21343000
USD000UTSTOM;15;240214;163000;91.4025;27063000
USD000UTSTOM;15;240214;164500;91.335;34380000
USD000UTSTOM;15;240214;170000;91.415;51743000
USD000UTSTOM;15;240214;171500;91.43;55703000
USD000UTSTOM;15;240214;173000;91.4725;42792000
USD000UTSTOM;15;240214;174500;91.5675;11781000
USD000UTSTOM;15;240214;180000;91.62;23712000
USD000UTSTOM;15;240214;181500;91.53;10143000
USD000UTSTOM;15;240214;183000;91.45;4995000
USD000UTSTOM;15;240214;184500;91.405;1119000
USD000UTSTOM;15;240215;070000;91.4275;351000
USD000UTSTOM;15;240215;071500;91.385;82000
USD000UTSTOM;15;240215;073000;91.38;201000
USD000UTSTOM;15;240215;074500;91.3575;483000
USD000UTSTOM;15;240215;080000;91.4;577000
USD000UTSTOM;15;240215;081500;91.4025;1099000
USD000UTSTOM;15;240215;083000;91.3925;846000
USD000UTSTOM;15;240215;084500;91.4;3579000
USD000UTSTOM;15;240215;090000;91.465;8031000
USD000UTSTOM;15;240215;091500;91.43;1222000
USD000UTSTOM;15;240215;093000;91.4775;1531000
USD000UTSTOM;15;240215;094500;91.4625;4347000
USD000UTSTOM;15;240215;100000;91.46;10427000
USD000UTSTOM;15;240215;101500;91.54;38005000
USD000UTSTOM;15;240215;103000;91.5875;18537000
USD000UTSTOM;15;240215;104500;91.6275;19165000
USD000UTSTOM;15;240215;110000;91.5825;30637000
USD000UTSTOM;15;240215;111500;91.545;20683000
USD000UTSTOM;15;240215;113000;91.5575;16783000
USD000UTSTOM;15;240215;114500;91.63;30505000
USD000UTSTOM;15;240215;120000;91.69;13786000
USD000UTSTOM;15;240215;121500;91.7775;12750000
USD000UTSTOM;15;240215;123000;91.74;14037000
USD000UTSTOM;15;240215;124500;91.7575;18941000
USD000UTSTOM;15;240215;130000;91.8625;21084000
USD000UTSTOM;15;240215;131500;91.99;25226000
USD000UTSTOM;15;240215;133000;92.16;40625000
USD000UTSTOM;15;240215;134500;92.1125;28382000
USD000UTSTOM;15;240215;140000;92.075;25380000
USD000UTSTOM;15;240215;141500;91.8675;42452000
USD000UTSTOM;15;240215;143000;92.1675;30661000
USD000UTSTOM;15;240215;144500;92.0625;18226000
USD000UTSTOM;15;240215;150000;91.96;11322000
USD000UTSTOM;15;240215;151500;92.06;7346000
USD000UTSTOM;15;240215;153000;91.9875;26669000
USD000UTSTOM;15;240215;154500;92.06;16448000
USD000UTSTOM;15;240215;160000;92.02;7637000
USD000UTSTOM;15;240215;161500;92.055;16778000
USD000UTSTOM;15;240215;163000;92.17;13425000
USD000UTSTOM;15;240215;164500;92.055;35047000
USD000UTSTOM;15;240215;170000;92.24;18275000
USD000UTSTOM;15;240215;171500;92.1075;19502000
USD000UTSTOM;15;240215;173000;92.18;14814000
USD000UTSTOM;15;240215;174500;92.265;17774000
USD000UTSTOM;15;240215;180000;92.255;24503000
USD000UTSTOM;15;240215;181500;92.335;18707000
USD000UTSTOM;15;240215;183000;92.4;18068000
USD000UTSTOM;15;240215;184500;92.25;1983000
USD000UTSTOM;15;240216;070000;92.475;1095000
USD000UTSTOM;15;240216;071500;92.2925;2126000
USD000UTSTOM;15;240216;073000;92.31;639000
USD000UTSTOM;15;240216;074500;92.295;428000
USD000UTSTOM;15;240216;080000;92.31;5703000
USD000UTSTOM;15;240216;081500;92.3725;1954000
USD000UTSTOM;15;240216;083000;92.3225;3343000
USD000UTSTOM;15;240216;084500;92.3575;959000
USD000UTSTOM;15;240216;090000;92.3775;4918000
USD000UTSTOM;15;240216;091500;92.4225;6571000
USD000UTSTOM;15;240216;093000;92.445;2908000
USD000UTSTOM;15;240216;094500;92.45;13224000
USD000UTSTOM;15;240216;100000;92.46;30786000
USD000UTSTOM;15;240216;101500;92.345;34609000
USD000UTSTOM;15;240216;103000;92.165;32750000
USD000UTSTOM;15;240216;104500;92.29;30682000
USD000UTSTOM;15;240216;110000;92.25;46623000
USD000UTSTOM;15;240216;111500;92.3725;80946000
USD000UTSTOM;15;240216;113000;92.5375;72225000
USD000UTSTOM;15;240216;114500;92.4725;30271000
USD000UTSTOM;15;240216;120000;92.45;25007000
USD000UTSTOM;15;240216;121500;92.375;39364000
USD000UTSTOM;15;240216;123000;92.4125;37931000
USD000UTSTOM;15;240216;124500;92.465;45431000
USD000UTSTOM;15;240216;130000;92.625;39522000
USD000UTSTOM;15;240216;131500;92.625;38746000
USD000UTSTOM;15;240216;133000;92.68;48606000
USD000UTSTOM;15;240216;134500;92.675;62078000
USD000UTSTOM;15;240216;140000;92.675;27823000
USD000UTSTOM;15;240216;141500;92.9225;58907000
USD000UTSTOM;15;240216;143000;92.815;52552000
USD000UTSTOM;15;240216;144500;92.8075;33028000
USD000UTSTOM;15;240216;150000;92.735;68262000
USD000UTSTOM;15;240216;151500;92.755;46888000
USD000UTSTOM;15;240216;153000;92.7975;50656000
USD000UTSTOM;15;240216;154500;92.855;43822000
USD000UTSTOM;15;240216;160000;92.7875;37590000
USD000UTSTOM;15;240216;161500;92.8;52764000
USD000UTSTOM;15;240216;163000;92.8425;32194000
USD000UTSTOM;15;240216;164500;92.4525;74686000
USD000UTSTOM;15;240216;170000;92.3525;53753000
USD000UTSTOM;15;240216;171500;92.33;43688000
USD000UTSTOM;15;240216;173000;92.3525;13970000
USD000UTSTOM;15;240216;174500;92.3975;22635000
USD000UTSTOM;15;240216;180000;92.35;8996000
USD000UTSTOM;15;240216;181500;92.3275;16624000
USD000UTSTOM;15;240216;183000;92.25;12510000
USD000UTSTOM;15;240216;184500;92.2225;3301000
